编号,用途,省市,区县,宗地名称,宗地位置,出让年限,交易方式,成交价格(万元),溢价率,成交年份,成交年月,成交时间,出让面积,出让面积,容积率,建筑面积,受让单位,母公司,所属集团公司,建设单位,设计单位,施工单位,监理单位,开工时间,建设用地规划许可证,建设工程规划许可证,竣工时间,全装修要求,装配式建筑比例（%）,单体预制率,约定开工时间,约定竣工时间
11,城镇住宅用地,连云港市,赣榆区,连云港市澳瓴置业有限公司,金海东路南侧、滨海路东侧,70,挂牌,6910,,2020,2020年5月,2020年5月18日,2.9705,29705,2.2,65351,连云港市澳瓴置业有限公司,,,,,,,,,,,,,,2020年12月10日,2023年12月8日
15,城镇住宅用地,连云港市,赣榆区,连云港市创联置业有限公司,怀仁路西侧、京融燃气南侧,70,挂牌,5000,,2020,2020年5月,2020年5月15日,2.1415,21415,2.5,53537.5,连云港市创联置业有限公司,,,,,,,,,,,,,,2020年12月2日,2023年11月30日
17,城镇住宅用地,连云港市,赣榆区,连云港赣榆伟业置业有限公司,石桥镇中心小学南侧、赣柘线东侧,70,挂牌,1380,,2020,2020年5月,2020年5月7日,1.9955,19955,1.8,35919,连云港赣榆伟业置业有限公司,,,,,,,,,,,,,,2020年12月22日,2023年12月20日
20,城镇住宅用地,连云港市,东海县,汉邦别院,东海县曲阳乡徐连路西侧,70,挂牌,1900,,2020,2020年4月,2020年4月26日,3.6194,36194,1.7,61529.8,东海县汉邦置业有限公司,,,,,,,,,,,,,,2020年10月26日,2022年10月26日
27,城镇住宅用地,连云港市,东海县,DH2019-24#,东海县中华路西侧、滨河南路南侧,70,挂牌,44398,,2020,2020年4月,2020年4月15日,6.0678,60678,2.2,133491.6,徐州新城创域房地产有限公司,,,,,,,,,,,,,,2020年9月1日,2022年9月1日
28,城镇住宅用地,连云港市,赣榆区,连云港百康置业有限公司,东润华庭小区南侧、狮王路西侧,70,挂牌,16400,,2020,2020年4月,2020年4月10日,3.9915,39915,1.7,67855.5,连云港百康置业有限公司,,,,,,,,,,,,,,2020年12月29日,2023年12月28日
39,城镇住宅用地,连云港市,灌云县,连云港伊甸园旅游开发有限公司,伊山镇原204国道东侧地块,40年，70年,挂牌,1380,,2020,2020年4月,2020年4月7日,1.999,19990,2,39980,连云港伊甸园旅游开发有限公司,,,,,,,,,,,,,,2021年2月7日,2024年2月6日
53,城镇住宅用地,连云港市,海州区,LTC2020-01#,海州区海连东路南、郁洲南路西,70年，40年，40年,挂牌,40130,,2020,2020年3月,2020年3月18日,4.0382,40382,2,80764,连云港汇铭置业有限公司,,,,,,,,,,,,,,2021年5月28日,2024年5月28日
55,城镇住宅用地,连云港市,海州区,LTC2020-03#,海州区秦东门大街北、新疃路东,70,挂牌,28620,,2020,2020年3月,2020年3月18日,3.7894,37894,1.8,68209.2,连云港市万象置业有限公司,,,,,,,,,,,,,,2021年5月28日,2024年5月28日
61,城镇住宅用地,连云港市,连云区,连云港高科投资发展有限公司,开发区朝阳街道太白路东侧,70,挂牌,5950,,2020,2020年3月,2020年3月5日,3.6628,36628,1.5,54942,连云港高科投资发展有限公司,,,,,,,,,,,,,,2021年2月18日,2024年2月17日
85,城镇住宅用地,连云港市,灌南县,消防大队东侧地块,消防大队东侧地块,70,挂牌,17865.3,,2020,2020年1月,2020年1月10日,5.9551,59551,2.1,125057.1,灌南县金灌置业有限公司,,,,,,,,,,,,,,2020年7月10日,2023年7月10日
86,城镇住宅用地,连云港市,灌南县,气象局周边地块一,气象局周边地块一,70,挂牌,8505,,2020,2020年1月,2020年1月10日,3.5,35000,2.1,73500,江苏港利房地产开发有限公司,,,,,,,,,,,,,,2020年7月10日,2023年7月10日
87,城镇住宅用地,连云港市,灌南县,气象局周边地块二,气象局周边地块二,70,挂牌,8987.355,,2020,2020年1月,2020年1月10日,3.6985,36985,2.1,77668.5,江苏港利房地产开发有限公司,,,,,,,,,,,,,,2020年7月10日,2023年7月10日
88,城镇住宅用地,连云港市,灌南县,老农业局地块,老农业局地块,70年，40年,挂牌,11170.467,,2020,2020年1月,2020年1月10日,4.5969,45969,2.5,114922.5,灌南中地置业有限公司,,,,,,,,,,,,,,2020年7月10日,2023年7月10日
89,城镇住宅用地,连云港市,灌南县,于营村部周边地块一,于营村部周边地块一,70,挂牌,13664.16,,2020,2020年1月,2020年1月10日,5.0608,50608,2.2,111337.6,灌南县金灌置业有限公司,,,,,,,,,,,,,,2020年7月10日,2023年7月10日
90,城镇住宅用地,连云港市,灌南县,于营村部周边地块二,于营村部周边地块二,70,挂牌,14114.79,,2020,2020年1月,2020年1月10日,5.2277,52277,2.2,115009.4,灌南县金灌置业有限公司,,,,,,,,,,,,,,2020年7月10日,2023年7月10日
91,城镇住宅用地,连云港市,灌南县,农批市场南侧地块,农批市场南侧地块,70,挂牌,11999.925,,2020,2020年1月,2020年1月10日,5.3333,53333,2,106666,灌南县金灌置业有限公司,,,,,,,,,,,,,,2020年7月10日,2023年7月10日
92,城镇住宅用地,连云港市,灌南县,悦府南侧地块二,悦府南侧地块二,70,挂牌,14140.83,,2020,2020年1月,2020年1月10日,4.2851,42851,2.2,94272.2,灌南县金灌置业有限公司,,,,,,,,,,,,,,2020年7月10日,2023年7月10日
93,城镇住宅用地,连云港市,灌南县,悦府南侧地块一,悦府南侧地块一,70,挂牌,16363.71,,2020,2020年1月,2020年1月10日,4.9587,49587,2.2,109091.4,灌南县金灌置业有限公司,,,,,,,,,,,,,,2020年7月10日,2023年7月10日
94,城镇住宅用地,连云港市,灌南县,纱厂周边地块二,纱厂周边地块二,70,挂牌,14862,,2020,2020年1月,2020年1月9日,6.1925,61925,2.3,142427.5,苏州康辉置业有限公司,,,,,,,,,,,,,,2020年7月9日,2023年7月9日
95,城镇住宅用地,连云港市,灌南县,淮河路南侧地块一,淮河路南侧地块一,70,挂牌,9224.496,,2020,2020年1月,2020年1月9日,4.2706,42706,2.3,98223.8,灌南县星晖置业有限公司,,,,,,,,,,,,,,2020年7月9日,2023年7月9日
96,城镇住宅用地,连云港市,灌南县,淮河路南侧地块二,淮河路南侧地块二,70,挂牌,9330.768,,2020,2020年1月,2020年1月9日,4.3198,43198,2.3,99355.4,灌南县星晖置业有限公司,,,,,,,,,,,,,,2020年7月9日,2023年7月9日
98,城镇住宅用地,连云港市,灌南县,纱厂周边地块一,纱厂周边地块一,70,挂牌,9930.24,,2020,2020年1月,2020年1月9日,4.1376,41376,2.3,95164.8,灌南县金灌置业有限公司,,,,,,,,,,,,,,2020年7月9日,2023年7月9日
99,城镇住宅用地,连云港市,灌南县,纱厂周边地块三,纱厂周边地块三,70,挂牌,14386.08,,2020,2020年1月,2020年1月9日,5.9942,59942,2.3,137866.6,苏州康辉置业有限公司,,,,,,,,,,,,,,2020年7月9日,2023年7月9日
100,城镇住宅用地,连云港市,灌南县,食品公司地块,食品公司地块,70年，40年,挂牌,11889,,2020,2020年1月,2020年1月9日,3.963,39630,3,118890,江苏金路源交通发展集团有限公司,,,,,,,,,,,,,,2020年7月9日,2023年7月9日
101,城镇住宅用地,连云港市,灌南县,水建公司地块,水建公司地块,70年，40年,挂牌,18919.5,,2020,2020年1月,2020年1月9日,6.3065,63065,3,189195,江苏金路源交通发展集团有限公司,,,,,,,,,,,,,,2020年7月9日,2023年7月9日
114,城镇住宅用地,连云港市,连云区,连云港海连置业有限公司,开发区大港路北侧、平山路东侧,70,挂牌,9370,,2020,2020年1月,2020年1月3日,2.015,20150,2,40300,连云港海连置业有限公司,,,,,,,,,,,,,,2020年12月18日,2023年12月17日
117,城镇住宅用地,连云港市,连云区,连云港融辉置业有限公司,开发区环湖路东侧,70,挂牌,29255,,2020,2020年1月,2020年1月2日,9.7508,97508,1.2,117009.6,连云港融辉置业有限公司,,,,,,,,,,,,,,2021年3月18日,2024年3月17日
125,城镇住宅用地,连云港市,东海县,状元壹号,双店镇236省道南侧、洪夏路东侧,40年，70年,挂牌,808.7,,2019,2019年12月,2019年12月27日,1.2836,12836,1.5,19254,连云港荣优房地产开发有限公司,,,,,,,,,,,,,,2020年6月26日,2022年6月25日
134,城镇住宅用地,连云港市,灌云县,江苏凯信置业有限公司,灌河路北侧、沂河路南侧、黄山路东侧,70年，40年,挂牌,12912,,2019,2019年12月,2019年12月23日,3.9661,39661,2.5,99152.5,江苏凯信置业有限公司,,,,,,,,,,,,,,2020年9月23日,2023年9月22日
135,城镇住宅用地,连云港市,灌云县,江苏尚林融和置业有限公司,灌河路北侧、沂河路南侧、黄山路西侧,40年，70年,挂牌,17210,,2019,2019年12月,2019年12月23日,5.2847,52847,2.5,132117.5,江苏尚林融和置业有限公司,,,,,,,,,,,,,,2020年9月23日,2023年9月22日
137,城镇住宅用地,连云港市,灌云县,江苏恒驰房地产开发有限公司,伊山镇山前村、宁连高速东侧、山前河南侧,40年，70年,挂牌,9630,,2019,2019年12月,2019年12月23日,3.7514,37514,2.5,93785,江苏恒驰房地产开发有限公司,,,,,,,,,,,,,,2020年9月23日,2023年9月22日
138,城镇住宅用地,连云港市,灌云县,灌云县瑞锦房地产开发有限公司,四队镇街西社区西侧,40年，70年,挂牌,606,,2019,2019年12月,2019年12月23日,1.151,11510,1.8,20718,灌云县瑞锦房地产开发有限公司,,,,,,,,,,,,,,2020年9月23日,2023年9月22日
139,城镇住宅用地,连云港市,灌云县,连云港善财房地产开发有限公司,灌云县圩丰镇许庄村境内,40年，70年,挂牌,424,,2019,2019年12月,2019年12月23日,0.8769,8769,1.5,13153.5,连云港善财房地产开发有限公司,,,,,,,,,,,,,,2020年9月23日,2023年9月22日
193,城镇住宅用地,连云港市,灌南县,财校周边地块一,财校周边地块一,40年，70年,挂牌,7073.586,,2019,2019年11月,2019年11月22日,3.1863,31863,2,63726,连云港市硕灌实业有限公司,,,,,,,,,,,,,,2020年5月22日,2023年5月22日
194,城镇住宅用地,连云港市,灌南县,财校周边地块二,财校周边地块二,70,挂牌,11883.159,,2019,2019年11月,2019年11月22日,5.4261,54261,2,108522,连云港市硕灌实业有限公司,,,,,,,,,,,,,,2020年5月22日,2023年5月22日
195,城镇住宅用地,连云港市,连云区,连云港养生谷一期,连云区连云新城鹰游山路西、秦皇岛路北,70年，40年,挂牌,15705,,2019,2019年11月,2019年11月22日,6.9864,69864,1.5,104796,连云港恒鹏置业有限公司,,,,,,,,,,,,,,2021年4月11日,2024年4月10日
196,城镇住宅用地,连云港市,连云区,连云港养生谷一期,连云区连云新城鹰游山路东、秦皇岛路南,70,挂牌,17658,,2019,2019年11月,2019年11月22日,4.3646,43646,2.2,96021.2,连云港恒鹏置业有限公司,,,,,,,,,,,,,,2021年4月11日,2024年4月10日
197,城镇住宅用地,连云港市,连云区,连云港养生谷一期,连云区连云新城鹰游山路东、烟台路北,70,挂牌,24648,,2019,2019年11月,2019年11月22日,6.318,63180,2.2,138996,连云港恒鹏置业有限公司,,,,,,,,,,,,,,2021年4月11日,2024年4月10日
198,城镇住宅用地,连云港市,连云区,连云港养生谷一期,连云区连云新城鹰游山路东、金海路北,70年，40年,挂牌,10626,,2019,2019年11月,2019年11月22日,3.0806,30806,2.2,67773.2,连云港恒鹏置业有限公司,,,,,,,,,,,,,,2021年4月11日,2024年4月10日
199,城镇住宅用地,连云港市,连云区,连云港养生谷一期,连云区连云新城鹰游山路东、金海路南,40年，70年,挂牌,10872,,2019,2019年11月,2019年11月22日,3.0244,30244,2.2,66536.8,连云港恒鹏置业有限公司,,,,,,,,,,,,,,2021年4月11日,2024年4月10日
282,城镇住宅用地,连云港市,东海县,水晶家苑小区,东海县晶城小学西侧,40年，70年,挂牌,24190,,2019,2019年11月,2019年11月13日,5.3031,53031,2,106062,东海县中易置业有限公司,,,,,,,,,,,,,,2020年5月7日,2022年5月7日
283,城镇住宅用地,连云港市,东海县,水晶家苑小区,东海县望东村四组南侧,40年，70年,挂牌,28250,,2019,2019年11月,2019年11月13日,5.4582,54582,2.5,136455,东海县中易置业有限公司,,,,,,,,,,,,,,2020年5月8日,2022年5月7日
287,城镇住宅用地,连云港市,东海县,中华家苑,东海县中华路西侧、和平路北侧,70年，40年,挂牌,6565.4,,2019,2019年11月,2019年11月10日,1.1306,11306,1.5,16959,东海县中易置业有限公司,,,,,,,,,,,,,,2019年12月20日,2021年12月20日
292,城镇住宅用地,连云港市,海州区,LTC2019-20#居住用地兼容商业服务业设施用地,海州区板浦镇德昭路北、青年路东,70年，40年，40年，40年,挂牌,5020,,2019,2019年11月,2019年11月7日,5.48,54800,1.3,71240,连云港市诚信房地产开发有限公司,,,,,,,,,,,,,,2020年10月28日,2023年10月28日
295,城镇住宅用地,连云港市,海州区,LTC2019-19#居住用地,海州区科苑路东、袖海路南,70,挂牌,82530,,2019,2019年11月,2019年11月5日,7.972,79720,2,159440,连云港融辉置业有限公司,,,,,,,,,,,,,,2021年1月25日,2024年1月25日
296,城镇住宅用地,连云港市,海州区,LTC2019-21#地块商住混合用地,海州区海连东路北、郁洲北路东,40年，40年，40年，70年,挂牌,24080,,2019,2019年11月,2019年11月5日,1.7605,17605,2.4,42252,江苏金云置业有限公司,,,,,,,,,,,,,,2021年1月28日,2024年1月28日
297,城镇住宅用地,连云港市,连云区,江苏融福置业有限公司,开发区黄海大道南、松竹路东侧地块,50年，70年,挂牌,46135,,2019,2019年11月,2019年11月4日,28.0995,280995,1.5,421492.5,江苏融福置业有限公司,,,,,,,,,,,,,,2021年1月26日,2024年1月25日
302,城镇住宅用地,连云港市,东海县,康泰翰林府,东海县通贯路北侧、振兴路东侧,70,挂牌,16110.8,,2019,2019年10月,2019年10月31日,2.5691,25691,2.2,56520.2,连云港万盛置业集团有限公司,,,,,,,,,,,,,,2020年4月1日,2022年3月1日
308,城镇住宅用地,连云港市,灌云县,宁冠置业连云港有限公司,灌云县东城区,70年，40年,挂牌,16438,,2019,2019年10月,2019年10月25日,5.186,51860,2.2,114092,宁冠置业连云港有限公司,,,,,,,,,,,,,,2020年7月25日,2023年7月24日
313,城镇住宅用地,连云港市,赣榆区,连云港健群地产发展有限公司,海头镇府西大道西侧、海滨大道南侧,70,挂牌,3710,,2019,2019年10月,2019年10月24日,4.1176,41176,1.8,74116.8,连云港健群地产发展有限公司,,,,,,,,,,,,,,2020年4月30日,2023年3月30日
314,城镇住宅用地,连云港市,赣榆区,连云港润锦房地产开发有限公司,黄海东路南侧、242省道东侧,70,挂牌,20600,,2019,2019年10月,2019年10月24日,6.5918,65918,1.5,98877,连云港润锦房地产开发有限公司,,,,,,,,,,,,,,2020年9月30日,2023年8月30日
322,城镇住宅用地,连云港市,灌云县,连云港乾亨置业有限责任公司,县城东部城区、东方大道西侧,70年，40年,挂牌,25980,,2019,2019年10月,2019年10月11日,7.9792,79792,2.5,199480,连云港乾亨置业有限责任公司,,,,,,,,,,,,,,2020年8月11日,2023年8月10日
323,城镇住宅用地,连云港市,灌云县,灌云仁和置业有限公司,灌云县杨集镇杨陡路南侧,40年，70年,挂牌,950,,2019,2019年10月,2019年10月10日,1.1665,11665,2,23330,灌云仁和置业有限公司,,,,,,,,,,,,,,2020年7月9日,2023年7月8日
343,城镇住宅用地,连云港市,灌南县,农机监理所地块,农机监理所地块,70,挂牌,8102.655,,2019,2019年10月,2019年10月8日,3.2738,32738,1.8,58928.4,灌南县金灌置业有限公司,,,,,,,,,,,,,,2020年4月8日,2023年4月8日
344,城镇住宅用地,连云港市,灌南县,广电局北侧地块,广电局北侧地块,70,挂牌,5851.065,,2019,2019年10月,2019年10月8日,3.5461,35461,1.6,56737.6,灌南县金灌置业有限公司,,,,,,,,,,,,,,2020年4月8日,2023年4月8日
345,城镇住宅用地,连云港市,灌南县,海西路东侧地块,海西路东侧地块,70,挂牌,8342.64,,2019,2019年10月,2019年10月8日,3.4761,34761,2,69522,灌南县华泰房地产开发有限公司,,,,,,,,,,,,,,2020年4月8日,2023年4月8日
346,城镇住宅用地,连云港市,灌南县,乔庄新村东南角地块,乔庄新村东南角地块,70,挂牌,5480.4,,2019,2019年10月,2019年10月8日,2.2835,22835,1.6,36536,灌南城投置业有限公司,,,,,,,,,,,,,,2020年4月8日,2023年4月8日
347,城镇住宅用地,连云港市,灌南县,紫薇花园北侧地块,紫薇花园北侧地块,70,挂牌,5474.37,,2019,2019年10月,2019年10月8日,3.3178,33178,2,66356,连云港禹淳置业有限公司,,,,,,,,,,,,,,2020年4月8日,2023年4月8日
348,城镇住宅用地,连云港市,灌南县,丽景天城二期北侧地块,丽景天城二期北侧地块,70,挂牌,5250.8925,,2019,2019年10月,2019年10月8日,3.3339,33339,2,66678,灌南江城房地产开发有限公司,,,,,,,,,,,,,,2020年4月8日,2023年4月8日
352,城镇住宅用地,连云港市,灌云县,灌云壹诺置业有限公司,连云港市灌云县同兴镇同兴社区为民路东侧,70,挂牌,124,,2019,2019年9月,2019年9月29日,0.2347,2347,1.4,3285.8,灌云壹诺置业有限公司,,,,,,,,,,,,,,2020年6月29日,2023年6月28日
363,城镇住宅用地,连云港市,海州区,LTC2019-14#海州区凤舞路北、学院路西,海州区凤舞路北、学院路西,70年，50年,挂牌,38025,,2019,2019年9月,2019年9月20日,4.1787,41787,1.87,78141.69,江苏金海置业有限公司,,,,,,,,,,,,,,2020年12月10日,2023年12月10日
368,城镇住宅用地,连云港市,海州区,LTC2019-12#居住兼容商业用地项目,海州区民主路南、工农路东,70年，40年,挂牌,8240,,2019,2019年9月,2019年9月13日,0.9985,9985,2.66,26560.1,连云港市同城地产集团有限责任公司,,,,,,,,,,,,,,2020年9月3日,2023年9月3日
373,城镇住宅用地,连云港市,东海县,水木春城,东海县山左口乡东郯公路北侧,40年，70年,挂牌,1000,,2019,2019年9月,2019年9月6日,1.411,14110,1.8,25398,连云港金梆置业有限公司,,,,,,,,,,,,,,2019年11月1日,2021年11月1日
383,城镇住宅用地,连云港市,东海县,隆晟家园三期,东海县平明镇平明村,70,挂牌,350,,2019,2019年8月,2019年8月28日,0.5606,5606,1.7,9530.2,东海县春晟房地产开发有限公司,,,,,,,,,,,,,,2019年12月26日,2021年12月26日
388,城镇住宅用地,连云港市,赣榆区,连云港瑞府房地产开发有限公司,塔山镇金鑫大道东侧、养老护理院西侧,70年，40年,挂牌,930,,2019,2019年8月,2019年8月13日,1.6069,16069,1.8,28924.2,连云港瑞府房地产开发有限公司,,,,,,,,,,,,,,2020年9月14日,2023年9月13日
391,城镇住宅用地,连云港市,赣榆区,连云港国欧置业有限公司,海城路西侧、沙汪河南侧、吾悦广场北侧,70,挂牌,31900,,2019,2019年8月,2019年8月12日,6.2735,62735,2.2,138017,连云港国欧置业有限公司,,,,,,,,,,,,,,2020年9月11日,2023年9月10日
392,城镇住宅用地,连云港市,赣榆区,连云港国欧置业有限公司,怀仁路东侧、沙汪河南侧、四季花城小区北侧,70,挂牌,19250,,2019,2019年8月,2019年8月12日,4.2075,42075,2.2,92565,连云港国欧置业有限公司,,,,,,,,,,,,,,2020年9月10日,2023年9月9日
406,城镇住宅用地,连云港市,东海县,翡翠公馆,东海县富国路南侧、牛山路西侧,70,挂牌,22206,,2019,2019年7月,2019年7月22日,4.0403,40403,2.7,109088.1,上海新碧房地产开发有限公司,,,,,,,,,,,,,,2019年7月15日,2022年6月30日
407,城镇住宅用地,连云港市,东海县,玖玺台,东海县公安局西侧,70,挂牌,20588,,2019,2019年7月,2019年7月22日,3.3899,33899,2.2,74577.8,上海新碧房地产开发有限公司,,,,,,,,,,,,,,2019年8月1日,2022年6月30日
412,城镇住宅用地,连云港市,灌云县,小伊空港小镇（一期）项目,小伊乡张葛村、大孙村境内,,划拨,0,,2019,2019年6月,2019年6月25日,13.3145,133145,1.5,199717.5,灌云县小伊乡人民政府,,,,,,,,,,,,,,2019年6月25日,2021年7月23日
419,城镇住宅用地,连云港市,东海县,城投.晶湖家苑小区项目,东海县香港街东侧、钢铁路北侧,70年，40年,挂牌,5881,,2019,2019年6月,2019年6月21日,1.558,15580,2.2,34276,东海县中易置业有限公司,,,,,,,,,,,,,,2019年7月6日,2021年7月5日
421,城镇住宅用地,连云港市,海州区,海州区凤舞路南侧、凤凰大道西侧,海州区凤舞路南侧、凤凰大道西侧,40年，70年,挂牌,51050,,2019,2019年6月,2019年6月20日,4.7452,47452,2,94904,上海华飞投资集团股份有限公司,,,,,,,,,,,,,,2020年6月6日,2023年6月6日
423,城镇住宅用地,连云港市,东海县,香堤澜庭项目,东海县牛山路东侧，石安河北侧,70,挂牌,15664,,2019,2019年6月,2019年6月19日,2.5419,25419,2.2,55921.8,连云港晟晖置业有限公司,,,,,,,,,,,,,,2019年12月18日,2021年12月17日
427,城镇住宅用地,连云港市,东海县,青华园,东海县青湖镇青华路北侧,70年，40年,挂牌,131,,2019,2019年6月,2019年6月18日,0.1584,1584,1.6,2534.4,马玉光,,,,,,,,,,,,,,2019年7月11日,2021年7月11日
429,城镇住宅用地,连云港市,东海县,城投.和平家苑小区项目,东海县菜园巷东侧、和平西路北侧,40年，70年,挂牌,5702,,2019,2019年6月,2019年6月14日,1.7036,17036,1.8,30664.8,东海县中易置业有限公司,,,,,,,,,,,,,,2019年7月6日,2021年7月5日
430,城镇住宅用地,连云港市,东海县,城投・ 晶祥苑小区二期,牛山街道山西路西侧、淮海路北侧,40年，70年,挂牌,7671,,2019,2019年6月,2019年6月11日,3.1359,31359,2.5,78397.5,东海县中易置业有限公司,,,,,,,,,,,,,,2019年6月30日,2021年6月30日
434,城镇住宅用地,连云港市,赣榆区,江苏顺泰禾置业有限公司,班庄镇圣泉街南侧、黑班线东侧,70,挂牌,1700,,2019,2019年6月,2019年6月5日,2.0567,20567,1.7,34963.9,江苏顺泰禾置业有限公司,,,,,,,,,,,,,,2020年3月1日,2023年1月26日
436,城镇住宅用地,连云港市,灌云县,GYJ2019-05号（原织布厂地块）,县城东部城区、振兴南路西侧,70,挂牌,11528,,2019,2019年5月,2019年5月31日,5.2998,52998,2.5,132495,连云港华协置业有限公司,,,,,,,,,,,,,,2020年2月29日,2023年2月28日
438,城镇住宅用地,连云港市,赣榆区,连云港新贵源置业发展有限公司,沙河镇解放路南侧、武陵路西侧,70,挂牌,1095,,2019,2019年5月,2019年5月27日,1.3632,13632,1.7,23174.4,连云港新贵源置业发展有限公司,,,,,,,,,,,,,,2020年6月2日,2023年5月2日
441,城镇住宅用地,连云港市,灌云县,连云港市义龙置业有限公司,县城东部城区、伊东村境内,70年，40年,挂牌,3396,,2019,2019年5月,2019年5月24日,2.4326,24326,1.7,41354.2,连云港市义龙置业有限公司,,,,,,,,,,,,,,2020年2月24日,2023年2月23日
442,城镇住宅用地,连云港市,灌云县,中旺置业（灌云）有限公司,县城伊尹路东侧、加油站南侧,70年，40年,挂牌,9590,,2019,2019年5月,2019年5月24日,1.5919,15919,3,47757,中旺置业（灌云）有限公司,,,,,,,,,,,,,,2020年2月24日,2023年2月23日
443,城镇住宅用地,连云港市,灌云县,中旺置业（灌云）有限公司,县城伊尹路东侧、建设路北侧,70年，40年,挂牌,6720,,2019,2019年5月,2019年5月24日,1.3445,13445,1.8,24201,中旺置业（灌云）有限公司,,,,,,,,,,,,,,2020年2月24日,2023年2月23日
445,城镇住宅用地,连云港市,灌云县,连云港伊云房地产开发有限公司,下车镇仲集村204国道东侧,70年，40年,挂牌,714,,2019,2019年5月,2019年5月24日,1.3601,13601,1.7,23121.7,连云港伊云房地产开发有限公司,,,,,,,,,,,,,,2020年2月24日,2023年2月23日
456,城镇住宅用地,连云港市,赣榆区,连云港景顺置业有限公司,海头镇海口路北侧、府西大道西侧、海滨大道南侧,70,挂牌,6350,,2019,2019年4月,2019年4月23日,4.6586,46586,1.8,83854.8,连云港景顺置业有限公司,,,,,,,,,,,,,,2019年12月31日,2022年11月30日
457,城镇住宅用地,连云港市,赣榆区,江苏金班汇置业有限公司,班庄镇商业街北侧、繁荣路东侧,70,挂牌,1200,,2019,2019年4月,2019年4月22日,1.6513,16513,1.8,29723.4,江苏金班汇置业有限公司,,,,,,,,,,,,,,2020年6月10日,2023年5月9日
505,城镇住宅用地,连云港市,连云区,连云港高科投资发展有限公司,开发区佛堂路北、跃湖路西,70,挂牌,20490,,2019,2019年4月,2019年4月1日,4.5603,45603,2,91206,连云港高科投资发展有限公司,,,,,,,,,,,,,,2019年12月31日,2022年12月30日
516,城镇住宅用地,连云港市,海州区,海州区板浦镇德昭路北、朱城路东,海州区板浦镇德昭路北、朱城路东,40年，70年,挂牌,5650,,2019,2019年3月,2019年3月19日,5.7477,57477,1.4,80467.8,赵明,,,,,,,,,,,,,,2020年3月6日,2023年3月6日
519,城镇住宅用地,连云港市,赣榆区,连云港拓豪房地产开发有限公司,沙河镇东风路东侧,70,挂牌,2400,,2019,2019年3月,2019年3月12日,2.5749,25749,1.7,43773.3,连云港拓豪房地产开发有限公司,,,,,,,,,,,,,,2019年9月18日,2022年9月16日
531,城镇住宅用地,连云港市,赣榆区,NO.2018G27,新城区黄海东路北侧、滨海路东侧,70年，40年,挂牌,17210,,2019,2019年2月,2019年2月20日,8.2789,82789,3,248367,连云港市澳瓴置业有限公司,,,,,,,,,,,,,,2020年2月22日,2023年2月21日
545,城镇住宅用地,连云港市,赣榆区,江苏翰祥置业有限公司,城头镇青抗路北侧,70,挂牌,2590,,2019,2019年1月,2019年1月24日,4.5653,45653,1.6,73044.8,江苏翰祥置业有限公司,,,,,,,,,,,,,,2020年2月19日,2023年1月19日
570,城镇住宅用地,连云港市,灌云县,GYJ2018-14号（东城区原9号地块）,东部城区、长安东路北侧,70,挂牌,10098,,2019,2019年1月,2019年1月7日,3.3951,33951,2.5,84877.5,江苏恒驰房地产开发有限公司,,,,,,,,,,,,,,2019年10月7日,2022年10月6日
574,经济适用住房用地,连云港市,灌南县,渔场新村项目,新安镇渔场村,,划拨,0,,2018,2018年12月,2018年12月29日,0.8853,8853,1.8,15935.4,新安镇人民政府,,,,,,,,,,,,,,2019年6月29日,2021年6月29日
575,经济适用住房用地,连云港市,东海县,清泉河安置项目,山左口乡清泉河驻地,,划拨,0,,2018,2018年12月,2018年12月29日,2.2606,22606,3,67818,山左口乡人民政府,,,,,,,,,,,,,,2019年12月25日,2021年12月22日
576,经济适用住房用地,连云港市,东海县,南辰安置项目,石梁河镇人民政府,,划拨,0,,2018,2018年12月,2018年12月29日,4.9178,49178,3,147534,石梁河镇人民政府,,,,,,,,,,,,,,2019年12月29日,2021年12月29日
578,经济适用住房用地,连云港市,东海县,安北安置项目,安峰镇安北村驻地,,划拨,0,,2018,2018年12月,2018年12月29日,3.0274,30274,3,90822,安峰镇人民政府,,,,,,,,,,,,,,2019年12月20日,2021年12月23日
580,经济适用住房用地,连云港市,灌南县,李集新农村建设集中安置点,李集乡,,划拨,0,,2018,2018年12月,2018年12月29日,4.1614,41614,1.8,74905.2,灌南县李集乡人民政府,,,,,,,,,,,,,,2019年7月29日,2021年7月29日
581,经济适用住房用地,连云港市,东海县,新元新农村项目,白塔埠镇新元村,,划拨,0,,2018,2018年12月,2018年12月29日,2,20000,3,60000,白塔埠镇人民政府,,,,,,,,,,,,,,2019年12月20日,2021年12月17日
582,廉租住房用地,连云港市,东海县,新元新农村项目,白塔埠镇新元村驻地,,划拨,0,,2018,2018年12月,2018年12月29日,2.3969,23969,3,71907,白塔埠镇人民政府,,,,,,,,,,,,,,2019年12月18日,2021年12月15日
585,经济适用住房用地,连云港市,东海县,居民安置项目,东海县驻地,,划拨,,,2018,2018年12月,2018年12月29日,2.7801,27801,3,83403,东海县石榴街道办事处,,,,,,,,,,,,,,2019年12月19日,2021年12月17日
587,其他普通商品住房用地,连云港市,连云区,连云港高科投资发展有限公司,开发区先锋路南、跃湖路西侧,70,挂牌,45150,,2018,2018年12月,2018年12月28日,9.121,91210,2.2,200662,连云港高科投资发展有限公司,,,,,,,,,,,,,,2019年9月24日,2022年9月24日
590,经济适用住房用地,连云港市,灌南县,朱圩安置小区,李集乡朱圩村,,划拨,0,,2018,2018年12月,2018年12月28日,5.6108,56108,1.2,67329.6,灌南县李集乡人民政府,,,,,,,,,,,,,,2019年7月28日,2021年7月28日
591,经济适用住房用地,连云港市,灌南县,镇西新苑二期,新安镇镇西村,,划拨,0,,2018,2018年12月,2018年12月28日,0.4628,4628,1.8,8330.4,新安镇人民政府,,,,,,,,,,,,,,2019年5月28日,2021年5月28日
593,经济适用住房用地,连云港市,灌南县,硕项湖拆迁安置点,新安镇渔场村,,划拨,,,2018,2018年12月,2018年12月28日,0.5832,5832,1.8,10497.6,新安镇人民政府,,,,,,,,,,,,,,2019年6月28日,2021年6月28日
594,经济适用住房用地,连云港市,灌南县,硕项湖拆迁安置点,781号,,划拨,,,2018,2018年12月,2018年12月28日,0.3457,3457,1.8,6222.6,新安镇人民政府,,,,,,,,,,,,,,2019年6月28日,2021年6月28日
601,其他普通商品住房用地,连云港市,东海县,青源小区,东海县青湖镇245省道东侧,其他普通商品住房用地70年，其他商服用地40年,挂牌,956,,2018,2018年12月,2018年12月26日,0.6262,6262,1.7,10645.4,东海县郭翰泽房地产开发有限公司,,,,,,,,,,,,,,2019年6月30日,2021年12月30日
604,其他普通商品住房用地,连云港市,灌云县,连云港易安居保障性住房开发有限公司,灌云县伊山镇胜利西路北侧（原公安局看守所地块）,其他商服用地40年，其他普通商品住房用地70年,挂牌,10950,,2018,2018年12月,2018年12月25日,1.8548,18548,3,55644,连云港易安居保障性住房开发有限公司,,,,,,,,,,,,,,2019年9月25日,2022年9月24日
616,其他普通商品住房用地,连云港市,东海县,伟业・ 尚诚学苑,曲阳乡徐连路北侧、经十八路西侧,其他商服用地40年，其他普通商品住房用地70年,挂牌,1690,,2018,2018年12月,2018年12月21日,4.2545,42545,1.7,72326.5,东海县昭源置业有限公司,,,,,,,,,,,,,,2019年4月28日,2022年4月28日
617,其他普通商品住房用地,连云港市,海州区,海州区幸福路东、大庆西路北,海州区幸福路东、大庆西路北,70,挂牌,50300,,2018,2018年12月,2018年12月21日,5.0744,50744,2.8,142083.2,连云港瀛洲地产有限公司,,,,,,,,,,,,,,2019年12月7日,2022年12月7日
618,其他普通商品住房用地,连云港市,海州区,海州区学院路东、青峰路北,海州区学院路东、青峰路北,70,挂牌,44600,,2018,2018年12月,2018年12月19日,4.9756,49756,2,99512,连云港融辉置业有限公司,,,,,,,,,,,,,,2019年12月5日,2022年12月5日
619,其他普通商品住房用地,连云港市,海州区,海州区建国路南、龙河北路西,海州区建国路南、龙河北路西,其他商服用地40年，其他普通商品住房用地70年,挂牌,20900,,2018,2018年12月,2018年12月19日,2.2248,22248,2.2,48945.6,连云港瀛洲地产有限公司,,,,,,,,,,,,,,2019年12月6日,2022年12月6日
620,其他普通商品住房用地,连云港市,海州区,海州区振华路南、学林路西,海州区振华路南、学林路西,其他商服用地40年，其他普通商品住房用地70年,挂牌,54600,,2018,2018年12月,2018年12月19日,6.9292,69292,2.5,173230,江苏康缘集团有限责任公司,,,,,,,,,,,,,,2019年12月6日,2022年12月6日
621,其他普通商品住房用地,连云港市,海州区,海州区新海路东、海宁西路北,海州区新海路东、海宁西路北,其他商服用地40年，其他普通商品住房用地70年，批发零售用地40年，住宿餐饮用地40年，商务金融用地40年,挂牌,120400,,2018,2018年12月,2018年12月19日,15.2718,152718,2.2,335979.6,连云港新乐居置业有限公司,,,,,,,,,,,,,,2019年12月6日,2022年12月6日
627,其他普通商品住房用地,连云港市,海州区,海州区市气象局东、气象巷南,海州区市气象局东、气象巷南,70,挂牌,676,,2018,2018年12月,2018年12月17日,0.1184,1184,1.89,2237.76,连云港绿锋工程项目管理咨询有限公司,,,,,,,,,,,,,,2019年9月4日,2021年3月4日
629,其他普通商品住房用地,连云港市,海州区,海州区浦发路东、规划三路南,海州区浦发路东、规划三路南,70,挂牌,18300,,2018,2018年12月,2018年12月17日,2.9585,29585,2.2,65087,连云港景湖置业有限公司,,,,,,,,,,,,,,2019年12月4日,2022年12月4日
630,其他普通商品住房用地,连云港市,海州区,海州区盐河路西、河滨路北,海州区盐河路西、河滨路北,70,挂牌,21100,,2018,2018年12月,2018年12月17日,2.461,24610,2,49220,连云港新乐居置业有限公司,,,,,,,,,,,,,,2019年12月4日,2022年12月4日
632,其他普通商品住房用地,连云港市,东海县,东海县城投－晶祥苑小区一期项目,东海县淮海路北侧,其他普通商品住房用地70年，批发零售用地40年,挂牌,4529,,2018,2018年12月,2018年12月14日,3.0932,30932,1.7,52584.4,东海县中易置业有限公司,,,,,,,,,,,,,,2018年12月28日,2019年12月28日
633,其他普通商品住房用地,连云港市,东海县,东海县城投－晶祥苑小区一期项目,东海县淮海路北侧,其他普通商品住房用地70年，批发零售用地40年,挂牌,5266,,2018,2018年12月,2018年12月14日,3.6466,36466,1.5,54699,东海县中易置业有限公司,,,,,,,,,,,,,,2018年12月28日,2019年12月28日
654,其他普通商品住房用地,连云港市,连云区,连云港大成房地产开发有限公司郁海名郡,连云区墟沟街道中山东路北侧,58.65,协议,140.51,,2018,2018年11月,2018年11月9日,0.0274,274,4,1096,连云港大成房地产开发有限公司,,,,,,,,,,,,,,2018年11月30日,2018年11月30日
657,其他普通商品住房用地,连云港市,灌南县,淮河路北侧地块,淮河路北侧地块,70,挂牌,12391.08,,2018,2018年11月,2018年11月6日,4.394,43940,2,87880,灌南县金灌置业有限公司,,,,,,,,,,,,,,2019年5月6日,2022年5月6日
658,其他普通商品住房用地,连云港市,灌南县,金佩家园南侧地块,金佩家园南侧地块,70,挂牌,12544.929,,2018,2018年11月,2018年11月6日,4.6206,46206,1.8,83170.8,连云港金大地置业有限公司,,,,,,,,,,,,,,2019年5月6日,2022年5月6日
659,其他普通商品住房用地,连云港市,灌南县,引羊路南侧地块一,引羊路南侧地块一,其他普通商品住房用地70年，批发零售用地40年,挂牌,12460.653,,2018,2018年11月,2018年11月6日,4.5394,45394,2.2,99866.8,灌南县金灌置业有限公司,,,,,,,,,,,,,,2019年5月6日,2022年5月6日
660,其他普通商品住房用地,连云港市,灌南县,新城壹号周边地块,新城壹号周边地块,70,挂牌,13876.623,,2018,2018年11月,2018年11月6日,4.9737,49737,2.2,109421.4,灌南县金灌置业有限公司,,,,,,,,,,,,,,2019年5月6日,2022年5月6日
661,其他普通商品住房用地,连云港市,灌南县,引羊路北侧地块,引羊路北侧地块,70,挂牌,11191.362,,2018,2018年11月,2018年11月6日,4.0994,40994,2,81988,灌南县金灌置业有限公司,,,,,,,,,,,,,,2019年5月6日,2022年5月6日
662,其他普通商品住房用地,连云港市,灌南县,田楼派出所北侧地块,田楼派出所北侧地块,70,挂牌,2102.9003,,2018,2018年11月,2018年11月6日,2.54897,25489.7,2.1,53528.37,连云港明美房地产开发有限公司,,,,,,,,,,,,,,2019年5月6日,2022年5月6日
663,其他普通商品住房用地,连云港市,灌南县,引羊路南侧地块二,引羊路南侧地块二,70,挂牌,12387.045,,2018,2018年11月,2018年11月6日,4.4638,44638,2.2,98203.6,灌南县金灌置业有限公司,,,,,,,,,,,,,,2019年5月6日,2022年5月6日
664,经济适用住房用地,连云港市,灌南县,孟兴庄镇板沟安置小区项目,灌南县孟兴庄镇板沟村,,划拨,0,,2018,2018年11月,2018年11月6日,2.527046,25270.46,1.6,40432.736,灌南县孟兴庄镇人民政府,,,,,,,,,,,,,,2019年2月6日,2021年2月6日
673,其他普通商品住房用地,连云港市,东海县,DH2018-12#,东海县公安局南侧、振兴路西侧,其他普通商品住房用地70年，其他商服用地40年,挂牌,27100,,2018,2018年10月,2018年10月11日,3.9418,39418,2.5,98545,连云港福毅房地产开发有限公司,,,,,,,,,,,,,,2019年5月31日,2021年5月30日
674,其他普通商品住房用地,连云港市,东海县,DH2018-13#,东海县富国路南侧、振兴路东侧,其他商服用地40年，其他普通商品住房用地70年,挂牌,33900,,2018,2018年10月,2018年10月11日,7,70000,3,210000,连云港港利房产开发有限公司,,,,,,,,,,,,,,2019年5月25日,2022年5月24日
675,其他普通商品住房用地,连云港市,东海县,DH2018-14#,东海县富国路南侧、自清路西侧,其他普通商品住房用地70年，其他商服用地40年,挂牌,27100,,2018,2018年10月,2018年10月11日,5.2189,52189,3,156567,连云港港利房产开发有限公司,,,,,,,,,,,,,,2019年5月25日,2022年5月24日
677,其他普通商品住房用地,连云港市,海州区,海州区陇西路26号,海州区陇西路26号,70,协议,14.82,,2018,2018年9月,2018年9月30日,0.006532,65.32,7.25,473.57,胡继红、金同成、樊继红,,,,,,,,,,,,,,2018年12月31日,2018年12月31日
678,其他普通商品住房用地,连云港市,灌云县,灌云众志置业有限公司,杨集镇镇东村、杨陡路北侧,其他普通商品住房用地70年，其他商服用地40年,挂牌,1716,,2018,2018年9月,2018年9月30日,2.4351,24351,2,48702,灌云众志置业有限公司,,,,,,,,,,,,,,2019年6月30日,2022年6月29日
681,其他普通商品住房用地,连云港市,灌云县,连云港易景房地产开发有限公司,连云港市灌云县侍庄街道老叮当河东侧,其他商服用地40年，其他普通商品住房用地70年,挂牌,5430,,2018,2018年9月,2018年9月20日,8.8275,88275,1.4,123585,连云港易景房地产开发有限公司,,,,,,,,,,,,,,2019年6月20日,2022年6月19日
682,其他普通商品住房用地,连云港市,灌云县,连云港易景房地产开发有限公司,连云港市灌云县侍庄街道老叮当河西侧,其他商服用地40年，其他普通商品住房用地70年,挂牌,8796,,2018,2018年9月,2018年9月20日,11.9685,119685,1.4,167559,连云港易景房地产开发有限公司,,,,,,,,,,,,,,2019年6月20日,2022年6月19日
683,其他普通商品住房用地,连云港市,灌云县,连云港和美置业有限公司,东王集镇直属村、紫金明珠小区西侧,其他普通商品住房用地70年，其他商服用地40年,挂牌,1032,,2018,2018年9月,2018年9月19日,2.1437,21437,1.5,32155.5,连云港和美置业有限公司,,,,,,,,,,,,,,2019年6月19日,2022年6月18日
698,其他普通商品住房用地,连云港市,赣榆区,连云港赣榆苏海实业有限公司,242省道西侧、范河调尾段东南,70,挂牌,13000,,2018,2018年9月,2018年9月11日,5.3258,53258,2.5,133145,连云港赣榆苏海实业有限公司,,,,,,,,,,,,,,2019年10月4日,2022年9月2日
701,其他普通商品住房用地,连云港市,东海县,幸福家园小区,平明镇驻地,其他普通商品住房用地70年，批发零售用地40年,挂牌,2545,,2018,2018年9月,2018年9月7日,3.3975,33975,2,67950,连云港太森置业有限公司,,,,,,,,,,,,,,2019年3月31日,2020年8月8日
702,廉租住房用地,连云港市,赣榆区,福海苑安居工程,柘汪镇响石村,,划拨,0,,2018,2018年8月,2018年8月29日,6.7283,67283,1,67283,江苏凯港集团有限公司,,,,,,,,,,,,,,2018年12月31日,2020年12月31日
720,其他普通商品住房用地,连云港市,赣榆区,江苏润林置业投资有限公司,塔山镇银湖路北侧、莒城路东侧、塔青干渠西南,70,挂牌,1000,,2018,2018年8月,2018年8月21日,1.8125,18125,1.8,32625,江苏润林置业投资有限公司,,,,,,,,,,,,,,2019年9月20日,2022年9月19日
729,其他普通商品住房用地,连云港市,连云区,鸿桥花园安置小区三期,连云区板桥新建路西,70,挂牌,5950,,2018,2018年8月,2018年8月13日,5.5824,55824,1.5,83736,江苏云港投资发展有限公司,,,,,,,,,,,,,,2019年8月7日,2022年8月6日
730,其他普通商品住房用地,连云港市,连云区,平高集团西墅河西项目,连云区瀚海路北、西墅河西侧,70,挂牌,39700,,2018,2018年8月,2018年8月13日,8.5229,85229,2,170458,上海平高企业集团有限公司,,,,,,,,,,,,,,2019年8月7日,2022年8月6日
731,其他普通商品住房用地,连云港市,赣榆区,连云港梁益房地产开发有限公司,沙汪河南侧、鸥翔路西侧,70,挂牌,14600,,2018,2018年8月,2018年8月10日,4.5854,45854,1.8,82537.2,连云港梁益房地产开发有限公司,,,,,,,,,,,,,,2019年8月9日,2022年8月8日
748,其他普通商品住房用地,连云港市,东海县,双店镇连禧.百合花园商住小区项目,双店镇东郯公路南侧,批发零售用地40年，其他普通商品住房用地70年,挂牌,585,,2018,2018年7月,2018年7月24日,1.6945,16945,1.5,25417.5,连云港连禧置业发展有限公司,,,,,,,,,,,,,,2018年12月31日,2020年12月30日
749,其他普通商品住房用地,连云港市,灌南县,A3-1地块,A3-1地块,70,挂牌,15635.352,,2018,2018年7月,2018年7月20日,6.51473,65147.3,2,130294.6,灌南县金灌置业有限公司,,,,,,,,,,,,,,2019年1月20日,2022年1月20日
750,其他普通商品住房用地,连云港市,灌南县,A3-2地块,A3-2地块,70,挂牌,24807.1245,,2018,2018年7月,2018年7月20日,6.9197,69197,2.2,152233.4,连云港金潮投资有限公司,,,,,,,,,,,,,,2019年1月20日,2022年1月20日
751,其他普通商品住房用地,连云港市,灌南县,B4-1地块,B4-1地块,70,挂牌,10045.68,,2018,2018年7月,2018年7月20日,4.406,44060,2.2,96932,江苏港利房地产开发有限公司,,,,,,,,,,,,,,2019年1月20日,2022年1月20日
752,其他普通商品住房用地,连云港市,灌南县,B4-2地块,B4-2地块,70,协议,10612.716,,2018,2018年7月,2018年7月20日,4.6547,46547,2.2,102403.4,江苏港利房地产开发有限公司,,,,,,,,,,,,,,2019年1月20日,2022年1月20日
753,其他普通商品住房用地,连云港市,灌南县,B5-1地块,B5-1地块,70,挂牌,10574.832,,2018,2018年7月,2018年7月20日,4.6688,46688,2,93376,灌南县灌江房地产开发有限公司,,,,,,,,,,,,,,2019年1月20日,2022年1月20日
754,其他普通商品住房用地,连云港市,灌南县,B5-2地块,B5-2地块,70,挂牌,10320.4725,,2018,2018年7月,2018年7月20日,4.5565,45565,2,91130,灌南县灌江房地产开发有限公司,,,,,,,,,,,,,,2019年1月20日,2022年1月20日
771,其他普通商品住房用地,连云港市,海州区,红星.星都荟项目,东海晶都大道南侧.石安河东侧,批发零售用地40年，其他普通商品住房用地70年,拍卖,11850,,2018,2018年6月,2018年6月19日,15.6679,156679,2.4,376029.6,东海县星海置业有限公司,,,,,,,,,,,,,,2018年8月31日,2021年6月13日
800,其他普通商品住房用地,连云港市,灌南县,公兴河西侧地块,公兴河西侧地块,70,挂牌,6794.475,,2018,2018年5月,2018年5月30日,5.329,53290,2.5,133225,孙翊凯,,,,,,,,,,,,,,2018年11月30日,2021年11月30日
801,其他普通商品住房用地,连云港市,灌南县,金御名城东侧地块（A4）,金御名城东侧地块（A4）,70,挂牌,29224.7025,,2018,2018年5月,2018年5月30日,6.8845,68845,2.2,151459,南通市华德房地产有限公司,,,,,,,,,,,,,,2018年11月30日,2021年11月30日
802,其他普通商品住房用地,连云港市,灌南县,苏州路实验学校南侧地块(A5),苏州路实验学校南侧地块(A5),70,挂牌,13848.615,,2018,2018年5月,2018年5月30日,3.333,33330,2.2,73326,南通市华德房地产有限公司,,,,,,,,,,,,,,2018年11月30日,2021年11月30日
803,其他普通商品住房用地,连云港市,灌南县,世纪华城东侧地块(A6),世纪华城东侧地块(A6),70,挂牌,12291.1425,,2018,2018年5月,2018年5月30日,3.9585,39585,2,79170,福建旺恒投资有限公司,,,,,,,,,,,,,,2018年11月30日,2021年11月30日
807,其他普通商品住房用地,连云港市,灌南县,张店中学及敬老院地块,张店中学及敬老院地块,其他普通商品住房用地70年，批发零售用地40年,挂牌,960.21,,2018,2018年5月,2018年5月30日,2.1338,21338,1.7,36274.6,灌南腾升投资有限公司,,,,,,,,,,,,,,2018年11月30日,2021年11月30日
873,其他普通商品住房用地,连云港市,灌云县,江苏恒驰房地产开发有限公司,灌云县伊山镇北环路西侧、宁连高速东侧,70,挂牌,11420,,2018,2018年5月,2018年5月2日,4.757,47570,2.5,118925,江苏恒驰房地产开发有限公司,,,,,,,,,,,,,,2019年2月2日,2022年2月1日
895,其他普通商品住房用地,连云港市,灌南县,连镇铁路东侧地块一,连镇铁路东侧地块一,批发零售用地40年，其他普通商品住房用地70年,挂牌,7203.462,,2018,2018年3月,2018年3月28日,2.9828,29828,3.5,104398,灌南腾升投资有限公司,,,,,,,,,,,,,,2018年8月28日,2021年8月28日
896,其他普通商品住房用地,连云港市,灌南县,连镇铁路西侧地块一,连镇铁路西侧地块一,批发零售用地40年，其他普通商品住房用地70年,挂牌,5424.573,,2018,2018年3月,2018年3月28日,2.2462,22462,3.5,78617,灌南腾升投资有限公司,,,,,,,,,,,,,,2018年8月28日,2021年8月28日
899,其他普通商品住房用地,连云港市,灌南县,连镇铁路东侧地块二,连镇铁路东侧地块二,批发零售用地40年，其他普通商品住房用地70年,挂牌,11371.9935,,2018,2018年3月,2018年3月28日,4.7089,47089,3.5,164811.5,灌南腾升投资有限公司,,,,,,,,,,,,,,2018年8月28日,2021年8月28日
900,其他普通商品住房用地,连云港市,灌南县,连镇铁路西侧地块二,连镇铁路西侧地块二,批发零售用地40年，其他普通商品住房用地70年,挂牌,16858.8735,,2018,2018年3月,2018年3月28日,6.9809,69809,3.5,244331.5,灌南腾升投资有限公司,,,,,,,,,,,,,,2018年8月28日,2021年8月28日
915,廉租住房用地,连云港市,赣榆区,安居工程,柘汪镇秦家沙村,,划拨,0,,2018,2018年3月,2018年3月26日,6.0211,60211,1.6,96337.6,连云港凯港实业有限公司,,,,,,,,,,,,,,2018年6月30日,2020年6月30日
931,其他普通商品住房用地,连云港市,海州区,海州区樱花路北、梧桐北路西,海州区樱花路北、梧桐北路西,70,挂牌,22000,,2018,2018年3月,2018年3月15日,6.01235,60123.5,1.6,96197.6,连云港瀛洲地产有限公司,,,,,,,,,,,,,,2019年3月1日,2022年3月1日
932,经济适用住房用地,连云港市,赣榆区,谷沙拆迁安置,青口镇谷沙社区,,划拨,0,,2018,2018年3月,2018年3月15日,2.3651,23651,1,23651,赣榆区住房制度领导改革小组办公室,,,,,,,,,,,,,,2018年6月30日,2020年6月30日
1007,其他普通商品住房用地,连云港市,海州区,海州区秦东门大街南、通灌南路东地块,海州区秦东门大街南、通灌南路东地块,其他普通商品住房用地70年，批发零售用地40年,挂牌,89150,,2018,2018年2月,2018年2月12日,13.8228,138228,2.8,387038.4,上海新城万嘉房地产有限公司,,,,,,,,,,,,,,2019年1月30日,2022年1月30日
1008,其他普通商品住房用地,连云港市,海州区,高新区海宁路南、凤凰大道东,高新区海宁路南、凤凰大道东,商务金融用地40年，其他普通商品住房用地70年,挂牌,71950,,2018,2018年2月,2018年2月12日,5.65927,56592.7,2,113185.4,江苏港龙华扬置业有限公司,,,,,,,,,,,,,,2019年1月30日,2022年1月30日
1011,其他普通商品住房用地,连云港市,海州区,高新区云台农场普东路南、绿园路西,高新区云台农场普东路南、绿园路西,批发零售用地40年，其他普通商品住房用地70年,挂牌,2460,,2018,2018年2月,2018年2月12日,2.5177,25177,1.4,35247.8,连云港云龙房地产开发有限公司,,,,,,,,,,,,,,2019年1月30日,2022年1月30日
1029,其他普通商品住房用地,连云港市,灌云县,连云港旭福置业有限公司,长江路南侧、东方大道西侧、长安大道北侧,70,协议,874,,2018,2018年1月,2018年1月25日,0.2151,2151,2.5,5377.5,连云港旭福置业有限公司,,,,,,,,,,,,,,2018年8月25日,2021年8月24日
1033,其他普通商品住房用地,连云港市,灌云县,连云港百纳置业有限公司,灌云县小伊乡大孙村，小伊河北侧,70,挂牌,634,,2018,2018年1月,2018年1月24日,1.8726,18726,1.5,28089,连云港百纳置业有限公司,,,,,,,,,,,,,,2018年10月24日,2021年10月23日
1036,其他普通商品住房用地,连云港市,灌云县,灌云明佳置业有限公司,连云港市灌云县侍庄街道西侧,70,挂牌,491,,2018,2018年1月,2018年1月22日,0.4089,4089,3,12267,灌云明佳置业有限公司,,,,,,,,,,,,,,2018年3月22日,2021年3月21日
1040,其他普通商品住房用地,连云港市,灌云县,连云港胜海实业有限公司,灌云县临港产业区,70,挂牌,7450,,2018,2018年1月,2018年1月9日,4.1348,41348,1.8,74426.4,连云港胜海实业有限公司,,,,,,,,,,,,,,2018年8月9日,2021年8月8日
1041,其他普通商品住房用地,连云港市,灌云县,连云港中建易居房地产开发有限公司,连云港市灌云县下车镇仲集村，204国道东侧,其他普通商品住房用地70年，其他商服用地40年,挂牌,1678,,2018,2018年1月,2018年1月8日,3.1911,31911,2,63822,连云港中建易居房地产开发有限公司,,,,,,,,,,,,,,2018年9月8日,2021年9月7日
1042,其他普通商品住房用地,连云港市,灌云县,灌云明联置业有限公司,东王集镇元邦村，长江路南侧,其他商服用地40年，其他普通商品住房用地70年,挂牌,26002,,2018,2018年1月,2018年1月8日,6.1998,61998,2.5,154995,灌云明联置业有限公司,,,,,,,,,,,,,,2018年9月9日,2021年9月8日
1048,其他普通商品住房用地,连云港市,海州区,海州区秦东门大街南、民政局西侧,海州区秦东门大街南、民政局西侧,其他商服用地40年，其他普通商品住房用地70年,挂牌,44960,,2018,2018年1月,2018年1月5日,4.2448,42448,2,84896,上海新碧房地产开发有限公司,,,,,,,,,,,,,,2018年12月21日,2021年12月21日
1049,其他普通商品住房用地,连云港市,赣榆区,连云港市荣泰置业有限公司,海头镇府西路西侧、神仙路南侧、海滨大道北侧,70,挂牌,1400,,2018,2018年1月,2018年1月4日,1.8273,18273,1.8,32891.4,连云港市荣泰置业有限公司,,,,,,,,,,,,,,2018年5月2日,2021年4月2日
1050,其他普通商品住房用地,连云港市,灌云县,江苏森和澜实业有限公司,灌云县南京西路（县人民医院）北侧,其他商服用地40年，其他普通商品住房用地70年,挂牌,7650,,2018,2018年1月,2018年1月3日,1.6969,16969,3,50907,江苏森和澜实业有限公司,,,,,,,,,,,,,,2018年9月3日,2021年9月2日
1068,其他普通商品住房用地,连云港市,灌云县,连云港胜海实业有限公司,灌云县临港产业区境内,70,挂牌,8189,,2018,2018年1月,2018年1月2日,4.5447,45447,1.8,81804.6,连云港胜海实业有限公司,,,,,,,,,,,,,,2018年10月2日,2021年10月1日
1069,其他普通商品住房用地,连云港市,灌云县,连云港胜海实业有限公司,灌云县临港产业区,70,挂牌,7475,,2018,2018年1月,2018年1月2日,4.1432,41432,1.8,74577.6,连云港胜海实业有限公司,,,,,,,,,,,,,,2018年10月2日,2021年10月1日
1071,其他普通商品住房用地,连云港市,赣榆区,连云港班庄特色小镇发展有限公司,班庄镇夹谷山北麓,70,挂牌,1400,,2017,2017年12月,2017年12月29日,3.7547,37547,1.2,45056.4,连云港班庄特色小镇发展有限公司,,,,,,,,,,,,,,2019年1月26日,2021年12月25日
1073,其他普通商品住房用地,连云港市,连云区,书香东院,连云区云宿路南、经七路西,其他普通商品住房用地70年，批发零售用地40年,挂牌,21920,,2017,2017年12月,2017年12月29日,4.1162,41162,1.8,74091.6,连云港福港房地产开发有限公司,,,,,,,,,,,,,,2018年12月21日,2021年12月21日
1074,其他普通商品住房用地,连云港市,连云区,滨水居住项目,连云区连云新城海州湾路南、深圳路西,70,挂牌,51160,,2017,2017年12月,2017年12月29日,9.2179,92179,2.2,202793.8,连云港市苍梧房地产开发有限公司,,,,,,,,,,,,,,2018年12月20日,2021年12月19日
1078,其他普通商品住房用地,连云港市,东海县,和安紫薇园小区项目,东海县323省道南侧、明珠路东侧,其他商服用地40年，其他普通商品住房用地70年,挂牌,7394,,2017,2017年12月,2017年12月27日,6.9651,69651,2.5,174127.5,东海县和安置业有限公司,,,,,,,,,,,,,,2018年5月1日,2020年4月1日
1081,其他普通商品住房用地,连云港市,灌云县,连云港恒驰实业有限公司,灌云县临港产业区境内,70,挂牌,6332,,2017,2017年12月,2017年12月27日,3.5138,35138,1.8,63248.4,连云港恒驰实业有限公司,,,,,,,,,,,,,,2018年9月27日,2021年9月26日
1094,其他普通商品住房用地,连云港市,灌南县,信安阅城二期北侧地块,信安阅城二期北侧地块,70,挂牌,4683.9675,,2017,2017年12月,2017年12月8日,3.6737,36737,2.8,102863.6,连云港凯创置业有限公司,,,,,,,,,,,,,,2018年6月8日,2021年6月8日
1105,其他普通商品住房用地,连云港市,灌南县,惠泽路北侧地块,惠泽路北侧地块,70,挂牌,4688.43,,2017,2017年12月,2017年12月8日,3.6772,36772,2.3,84575.6,连云港金大地置业有限公司,,,,,,,,,,,,,,2018年6月8日,2021年6月8日
1106,其他普通商品住房用地,连云港市,灌南县,常州南路东侧地块,常州南路东侧地块,70,挂牌,5837.805,,2017,2017年12月,2017年12月8日,4.3243,43243,2.5,108107.5,连云港冠南置业有限公司,,,,,,,,,,,,,,2018年6月8日,2021年6月8日
1110,其他普通商品住房用地,连云港市,灌云县,连云港长泰房地产开发有限公司,灌云县杨集镇（原沂北乡）204国道北侧,其他商服用地40年，其他普通商品住房用地70年,挂牌,400,,2017,2017年11月,2017年11月30日,1.2883,12883,1.5,19324.5,连云港长泰房地产开发有限公司,,,,,,,,,,,,,,2018年6月30日,2021年6月29日
1114,其他普通商品住房用地,连云港市,赣榆区,连云港赣榆工业投资有限公司,海头镇马庄河北侧,70,挂牌,2800,,2017,2017年11月,2017年11月16日,3.6599,36599,1.8,65878.2,连云港赣榆工业投资有限公司,,,,,,,,,,,,,,2018年4月4日,2021年3月4日
1119,其他普通商品住房用地,连云港市,赣榆区,明发集团连云港房地产开发有限公司,青口镇银滩路东侧、和安湖公园南侧,70,挂牌,16300,,2017,2017年11月,2017年11月9日,5.0458,50458,1.5,75687,明发集团连云港房地产开发有限公司,,,,,,,,,,,,,,2018年5月10日,2021年4月9日
1127,其他普通商品住房用地,连云港市,赣榆区,连云港鸿福置业有限公司,柘汪镇兴华路东侧、老204国道北侧,70,挂牌,1590,,2017,2017年10月,2017年10月31日,1.8848,18848,1.8,33926.4,连云港鸿福置业有限公司,,,,,,,,,,,,,,2018年10月4日,2021年9月4日
1131,其他普通商品住房用地,连云港市,灌南县,香悦四季南侧地块一,香悦四季南侧地块一,70,挂牌,8370.27,,2017,2017年10月,2017年10月26日,6.2002,62002,2,124004,灌南县金灌置业有限公司,,,,,,,,,,,,,,2018年4月26日,2021年4月26日
1132,其他普通商品住房用地,连云港市,灌南县,惠庄新苑北侧地块一,惠庄新苑北侧地块一,70,挂牌,8980.1775,,2017,2017年10月,2017年10月26日,5.2059,52059,2.2,114529.8,灌南立恒房地产开发有限公司,,,,,,,,,,,,,,2018年4月26日,2021年4月26日
1133,其他普通商品住房用地,连云港市,灌南县,惠庄新苑北侧地块二,惠庄新苑北侧地块二,70,挂牌,9034.74,,2017,2017年10月,2017年10月26日,5.4756,54756,2.2,120463.2,灌南县城市建设投资发展有限公司,,,,,,,,,,,,,,2018年4月26日,2021年4月26日
1134,其他普通商品住房用地,连云港市,灌南县,鹏程菜场东侧地块二,鹏程菜场东侧地块二,70,挂牌,15323.211,,2017,2017年10月,2017年10月26日,6.9969,69969,2.2,153931.8,灌南县金灌置业有限公司,,,,,,,,,,,,,,2018年4月26日,2021年4月26日
1135,其他普通商品住房用地,连云港市,灌南县,清水湾南侧地块,清水湾南侧地块,70,挂牌,3393.285,,2017,2017年10月,2017年10月26日,2.6614,26614,2,53228,江苏力创房地产开发有限公司,,,,,,,,,,,,,,2018年4月26日,2021年4月26日
1137,其他普通商品住房用地,连云港市,灌南县,香悦四季南侧地块二,香悦四季南侧地块二,70,挂牌,7778.7,,2017,2017年10月,2017年10月26日,5.762,57620,2,115240,灌南县金灌置业有限公司,,,,,,,,,,,,,,2018年4月26日,2021年4月26日
1143,其他普通商品住房用地,连云港市,赣榆区,连云港祥越房地产开发有限公司,柘汪镇新城滨河大道北侧、兴华路西侧,70,挂牌,2100,,2017,2017年10月,2017年10月24日,2.7252,27252,2,54504,连云港祥越房地产开发有限公司,,,,,,,,,,,,,,2018年9月20日,2021年8月19日
1148,其他普通商品住房用地,连云港市,灌云县,连云港润泽置业有限公司,县城伊山南路西侧、云海花园东侧,70,挂牌,900,,2017,2017年10月,2017年10月13日,0.2613,2613,1.7,4442.1,连云港润泽置业有限公司,,,,,,,,,,,,,,2018年7月12日,2021年7月11日
1151,其他普通商品住房用地,连云港市,灌云县,连云港市云阳置业有限公司,县城经济开发区，伊山南路东侧,其他普通商品住房用地70年，其他商服用地40年,挂牌,14342,,2017,2017年10月,2017年10月12日,3.7947,37947,2.8,106251.6,连云港市云阳置业有限公司,,,,,,,,,,,,,,2018年7月12日,2021年7月11日
1154,其他普通商品住房用地,连云港市,灌云县,连云港旭福置业有限公司,县城东部城区，东方大道西侧,其他普通商品住房用地70年，其他商服用地40年,挂牌,21160,,2017,2017年10月,2017年10月12日,5.1992,51992,2.5,129980,连云港旭福置业有限公司,,,,,,,,,,,,,,2018年7月12日,2021年7月11日
1157,其他普通商品住房用地,连云港市,灌云县,江苏疆厦置业有限公司,灌云县杨集镇镇东村境内，杨陡路北侧,其他普通商品住房用地70年，其他商服用地40年,挂牌,2196,,2017,2017年10月,2017年10月10日,1.9573,19573,2,39146,江苏疆厦置业有限公司,,,,,,,,,,,,,,2018年7月10日,2021年7月9日
1158,其他普通商品住房用地,连云港市,灌云县,连云港伊云房地产开发有限公司,下车镇仲集村境内，204国道东侧,其他普通商品住房用地70年，其他商服用地40年,挂牌,2278,,2017,2017年10月,2017年10月10日,4.3369,43369,1.7,73727.3,连云港伊云房地产开发有限公司,,,,,,,,,,,,,,2018年7月10日,2021年7月9日
1191,其他普通商品住房用地,连云港市,连云区,连云港东盛房地产综合开发有限公司龙门山庄D1-D3三幢地块项目,连云区海滨大道北侧,56.5,协议,164.2,,2017,2017年9月,2017年9月5日,0.11744,1174.4,1.19,1397.536,江苏东盛房地产综合开发有限公司,,,,,,,,,,,,,,2017年9月30日,2017年9月30日
1192,其他普通商品住房用地,连云港市,赣榆区,江苏凯港集团有限公司,柘汪新城杏坛中路东侧、秦山岛路北侧,70,挂牌,3200,,2017,2017年9月,2017年9月5日,3.9632,39632,2.5,99080,江苏凯港集团有限公司,,,,,,,,,,,,,,2018年8月21日,2021年7月21日
1193,其他普通商品住房用地,连云港市,赣榆区,江苏凯港集团有限公司,柘汪新城杏坛中路东侧、南京路南侧,70,挂牌,3500,,2017,2017年9月,2017年9月5日,4.4233,44233,2.5,110582.5,江苏凯港集团有限公司,,,,,,,,,,,,,,2018年8月21日,2021年7月21日
1196,其他普通商品住房用地,连云港市,海州区,房政置业永安新村7号楼划拨补办出让,连云港市海州开发区经二路西、纬一路南,70,协议,85.8577,,2017,2017年8月,2017年8月31日,0.151478,1514.78,2.7,4089.906,连云港房政置业有限公司,,,,,,,,,,,,,,2017年9月30日,2017年9月30日
1198,其他普通商品住房用地,连云港市,海州区,海州区郁洲路东、海连路南,海州区郁洲路东、海连路南,其他商服用地40年，住宿餐饮用地40年，文体娱乐用地50年，其他普通商品住房用地70年，批发零售用地40年，商务金融用地40年,挂牌,22300,,2017,2017年8月,2017年8月31日,2.4124,24124,2.6,62722.4,连云港房政置业有限公司,,,,,,,,,,,,,,2018年8月17日,2021年8月17日
1199,其他普通商品住房用地,连云港市,海州区,房政置业茗馨花园二期H7号楼划拨补办出让,海州区海宁路南、新孔路西,70,协议,156.99,,2017,2017年8月,2017年8月30日,0.103886,1038.86,6.32,6565.5952,连云港房政置业有限公司,,,,,,,,,,,,,,2017年9月30日,2017年9月30日
1214,其他普通商品住房用地,连云港市,赣榆区,新城控股集团房地产开发有限公司,海城路东侧、玉带路南侧,70,挂牌,9270,,2017,2017年8月,2017年8月17日,6.1822,61822,2.8,173101.6,新城控股集团房地产开发有限公司,,,,,,,,,,,,,,2018年7月20日,2021年7月19日
1215,其他普通商品住房用地,连云港市,赣榆区,新城控股集团房地产开发有限公司,青龙路西侧、玉带路南侧,70,挂牌,8710,,2017,2017年8月,2017年8月17日,5.8008,58008,2.8,162422.4,新城控股集团房地产开发有限公司,,,,,,,,,,,,,,2018年7月20日,2021年7月19日
1220,其他普通商品住房用地,连云港市,灌南县,绩效会所东侧地块一,绩效会所东侧地块一,70,挂牌,7858.2315,,2017,2017年8月,2017年8月14日,3.9991,39991,2.5,99977.5,连云港市碧桂园房地产开发有限公司,,,,,,,,,,,,,,2018年1月28日,2021年1月28日
1221,其他普通商品住房用地,连云港市,灌南县,绩效会所东侧地块二,绩效会所东侧地块二,70,挂牌,8642.898,,2017,2017年8月,2017年8月14日,4.3651,43651,2.5,109127.5,连云港市碧桂园房地产开发有限公司,,,,,,,,,,,,,,2018年1月28日,2021年1月28日
1223,其他普通商品住房用地,连云港市,海州区,海州区学院路西、凤舞路南,海州区学院路西、凤舞路南,70,挂牌,56000,,2017,2017年8月,2017年8月8日,5.1452,51452,2,102904,连云港融辉置业有限公司,,,,,,,,,,,,,,2018年7月25日,2021年7月25日
1224,其他普通商品住房用地,连云港市,海州区,海州区通灌南路东、纬一路北,海州区通灌南路东、纬一路北,70,挂牌,33560,,2017,2017年8月,2017年8月8日,3.3643,33643,1.8,60557.4,江苏保利宁恒房地产开发有限公司,,,,,,,,,,,,,,2018年7月25日,2021年7月25日
1225,其他普通商品住房用地,连云港市,连云区,连云区徐圩大道北、乌鲁木齐路西,连云区徐圩大道北、乌鲁木齐路西,其他普通商品住房用地70年，批发零售用地40年,挂牌,9600,,2017,2017年8月,2017年8月8日,10.6973,106973,2,213946,江苏方洋置业有限公司,,,,,,,,,,,,,,2018年7月25日,2021年7月25日
1229,其他普通商品住房用地,连云港市,东海县,东海贵都幸福城邦,驼峰乡浦湾路东侧、富民路南侧,其他商服用地40年，其他普通商品住房用地70年,挂牌,2105,,2017,2017年8月,2017年8月1日,3.1944,31944,2,63888,连云港贵都房地产开发有限公司,,,,,,,,,,,,,,2017年12月18日,2019年12月17日
1236,其他普通商品住房用地,连云港市,东海县,DH2017-6#地块,东海县驼峰老区,其他商服用地40年，其他普通商品住房用地70年,挂牌,155,,2017,2017年7月,2017年7月17日,0.3041,3041,1.7,5169.7,李中进,,,,,,,,,,,,,,2017年12月31日,2019年12月30日
1249,其他普通商品住房用地,连云港市,赣榆区,山东金正阳集团有限公司,青口镇盛世路东侧、徐福路北侧,其他商服用地40年，其他普通商品住房用地70年,挂牌,21700,,2017,2017年7月,2017年7月11日,8.0228,80228,2.2,176501.6,山东金正阳集团有限公司,,,,,,,,,,,,,,2018年8月7日,2021年8月6日
1262,其他普通商品住房用地,连云港市,赣榆区,江苏百实达置业有限公司,青口镇徐福路南侧、健康北路东侧,70,挂牌,16100,,2017,2017年7月,2017年7月7日,5.799,57990,1.8,104382,江苏百实达置业有限公司,,,,,,,,,,,,,,2018年11月5日,2021年11月4日
1267,其他普通商品住房用地,连云港市,赣榆区,连云港大力房地产开发有限公司,塔山镇金鑫大道西侧、金光路南侧,70,挂牌,670,,2017,2017年6月,2017年6月20日,1.3566,13566,1.8,24418.8,连云港大力房地产开发有限公司,,,,,,,,,,,,,,2018年6月12日,2021年5月12日
1268,其他普通商品住房用地,连云港市,东海县,DH2017-11#,牛山街道站前街北侧,70,挂牌,38625,,2017,2017年6月,2017年6月19日,7,70000,2.2,154000,连云港市明泰房地产开发有限公司,,,,,,,,,,,,,,2017年8月18日,2020年8月18日
1285,其他普通商品住房用地,连云港市,海州区,海州区金辉路南、学林路西,海州区金辉路南、学林路西,批发零售用地40年，其他普通商品住房用地70年，住宿餐饮用地40年,挂牌,202600,,2017,2017年5月,2017年5月8日,10.1888,101888,2.2,224153.6,连云港财信房地产开发有限公司,,,,,,,,,,,,,,2018年4月20日,2021年4月20日
1303,其他普通商品住房用地,连云港市,东海县,富宸花园,东海县开发区富宸路东侧,其他普通商品住房用地70年，其他商服用地40年,挂牌,938,,2017,2017年4月,2017年4月21日,0.86007,8600.7,1.8,15481.26,东海县晶源房地产开发有限公司,,,,,,,,,,,,,,2017年6月21日,2018年10月31日
1311,经济适用住房用地,连云港市,灌云县,灌云县临港产业区安置房项目,灌云县临港产业区境内,,划拨,0,,2017,2017年4月,2017年4月14日,2.3647,23647,1.5,35470.5,连云港胜海置业有限公司,,,,,,,,,,,,,,2017年4月14日,2018年10月12日
1316,其他普通商品住房用地,连云港市,东海县,金c花园,青湖镇新310国道南侧,其他普通商品住房用地70年，其他商服用地40年,挂牌,1500,,2017,2017年4月,2017年4月11日,3.22368,32236.8,1.7,54802.56,东海县天九建设有限公司,,,,,,,,,,,,,,2017年8月1日,2019年8月1日
1330,其他普通商品住房用地,连云港市,东海县,西湖名城,牛山街道麒麟大道北侧、神州路东侧,其他普通商品住房用地70年，其他商服用地40年,挂牌,7082,,2017,2017年3月,2017年3月29日,6.79258,67925.8,2,135851.6,东海县曼金实业有限公司,,,,,,,,,,,,,,2017年9月30日,2019年9月30日
1334,其他普通商品住房用地,连云港市,东海县,金粟佳园,石榴街道驻地,其他普通商品住房用地70年，其他商服用地40年,挂牌,1874,,2017,2017年3月,2017年3月28日,1.9207,19207,2,38414,东海县天九建设有限公司,,,,,,,,,,,,,,2017年5月30日,2019年5月30日
1335,经济适用住房用地,连云港市,灌南县,新建新农村示范点项目,堆沟港镇七队村,,划拨,0,,2017,2017年3月,2017年3月28日,0.4263,4263,2,8526,灌南县堆沟港镇人民政府,,,,,,,,,,,,,,2018年5月1日,2020年5月1日
1336,其他普通商品住房用地,连云港市,东海县,金粟佳园,石榴街道驻地,其他普通商品住房用地70年，其他商服用地40年,挂牌,2253,,2017,2017年3月,2017年3月28日,2.31481,23148.1,2,46296.2,东海县天九建设有限公司,,,,,,,,,,,,,,2017年5月30日,2019年5月30日
1337,其他普通商品住房用地,连云港市,东海县,康泰公馆,东海县滨河南路南侧、振兴路西侧,70,挂牌,10510,,2017,2017年3月,2017年3月24日,4.0812,40812,3.5,142842,连云港万盛置业集团有限公司,,,,,,,,,,,,,,2017年6月30日,2019年6月30日
1338,其他普通商品住房用地,连云港市,东海县,书香门第项目,东海县石榴初级中心西侧,其他商服用地40年，其他普通商品住房用地70年,挂牌,5030,,2017,2017年3月,2017年3月23日,3.25022,32502.2,1.7,55253.74,连云港曙光置业有限公司,,,,,,,,,,,,,,2017年6月1日,2019年6月1日
1343,中低价位、中小套型普通商品住房用地,连云港市,灌南县,南大院东侧地块一,南大院东侧地块一,批发零售用地40年，中低价位、中小套型普通商品住房用地70年,挂牌,1354.44,,2017,2017年3月,2017年3月8日,1.1287,11287,2.5,28217.5,江苏港邮置业有限公司,,,,,,,,,,,,,,2017年9月8日,2020年9月8日
1345,中低价位、中小套型普通商品住房用地,连云港市,灌南县,灌农大道东侧地块,灌农大道东侧地块,70,挂牌,3440.07,,2017,2017年3月,2017年3月8日,4.247,42470,2.2,93434,连云港明美房地产开发有限公司,,,,,,,,,,,,,,2017年9月8日,2020年9月8日
1346,中低价位、中小套型普通商品住房用地,连云港市,灌南县,原五队乡新港大道南侧地块,原五队乡新港大道南侧地块,中低价位、中小套型普通商品住房用地70年，批发零售用地40年,挂牌,1762.2225,,2017,2017年3月,2017年3月8日,2.6107,26107,2,52214,连云港邦业房地产开发有限公司,,,,,,,,,,,,,,2017年9月8日,2020年9月8日
1347,中低价位、中小套型普通商品住房用地,连云港市,灌南县,扬州北路西侧地块,扬州北路西侧地块,70,挂牌,4686.255,,2017,2017年3月,2017年3月8日,3.4713,34713,2,69426,连云港杰源房地产开发有限公司,,,,,,,,,,,,,,2017年9月8日,2020年9月8日
1349,中低价位、中小套型普通商品住房用地,连云港市,灌南县,长安东路北侧地块,长安东路北侧地块,70,挂牌,1496.3025,,2017,2017年3月,2017年3月8日,2.8501,28501,1.5,42751.5,连云港明美房地产开发有限公司,,,,,,,,,,,,,,2017年9月8日,2020年9月8日
1350,中低价位、中小套型普通商品住房用地,连云港市,灌南县,新实验中学北侧地块,新实验中学北侧地块,70,挂牌,3396.72,,2017,2017年3月,2017年3月8日,2.8306,28306,2,56612,连云港金大地置业有限公司,,,,,,,,,,,,,,2017年9月8日,2020年9月8日
1351,中低价位、中小套型普通商品住房用地,连云港市,灌南县,堆沟新城超市综合体北侧地块,堆沟新城超市综合体北侧地块,批发零售用地40年，中低价位、中小套型普通商品住房用地70年,挂牌,2602.2975,,2017,2017年3月,2017年3月8日,3.1543,31543,2,63086,江苏海泉实业有限公司,,,,,,,,,,,,,,2017年9月8日,2020年9月8日
1352,其他普通商品住房用地,连云港市,东海县,文华名苑项目,石榴街道办石榴党委西侧,其他普通商品住房用地70年，其他商服用地40年,挂牌,2507,,2017,2017年3月,2017年3月8日,1.923,19230,1.7,32691,连云港新秀地产投资有限公司,,,,,,,,,,,,,,2017年6月1日,2019年6月1日
1356,其他普通商品住房用地,连云港市,连云区,恒大地产集团南京置业有限公司,开发区佛堂路北、金桥路东侧,批发零售用地40年，其他普通商品住房用地70年,挂牌,8180,,2017,2017年3月,2017年3月6日,4.7383,47383,1.6,75812.8,恒大地产集团南京置业有限公司,,,,,,,,,,,,,,2017年6月30日,2020年6月30日
1361,其他普通商品住房用地,连云港市,连云区,恒大地产集团南京置业有限公司,开发区佛堂路北、金桥路西侧,70,挂牌,9820,,2017,2017年3月,2017年3月6日,5.4507,54507,1.8,98112.6,恒大地产集团南京置业有限公司,,,,,,,,,,,,,,2017年6月30日,2020年6月30日
1367,其他普通商品住房用地,连云港市,东海县,东海县谨福家园项目,黄川镇驻地,批发零售用地40年，其他普通商品住房用地70年,挂牌,450,,2017,2017年2月,2017年2月23日,1.14693,11469.3,1.5,17203.95,东海县金濠置业有限公司,,,,,,,,,,,,,,2017年3月10日,2019年3月9日
1373,其他普通商品住房用地,连云港市,海州区,海州区沿河路南、规划路北,海州区沿河路南、规划路北,70,挂牌,6500,,2017,2017年2月,2017年2月21日,2.1564,21564,2.8,60379.2,连云港白虎山小商品市场开发有限公司,,,,,,,,,,,,,,2018年1月7日,2021年1月7日
1375,其他普通商品住房用地,连云港市,海州区,海州开发区（东区）振兴西路北、经六路东,海州开发区（东区）振兴西路北、经六路东,70,挂牌,38500,,2017,2017年2月,2017年2月21日,5.327,53270,1.5,79905,浙江祥生房地产开发有限公司,,,,,,,,,,,,,,2018年1月7日,2021年1月7日
1376,其他普通商品住房用地,连云港市,海州区,海州开发区（东区）振兴西路北、经六路西,海州开发区（东区）振兴西路北、经六路西,70,挂牌,21450,,2017,2017年2月,2017年2月21日,2.9715,29715,1.5,44572.5,连云港市瑞开房地产开发有限公司,,,,,,,,,,,,,,2018年1月7日,2021年1月7日
1378,其他普通商品住房用地,连云港市,连云区,连云区云四路东、灯塔路北地块,连云区云四路东、灯塔路北地块,70,挂牌,7680,,2017,2017年2月,2017年2月15日,7.8683,78683,1.5,118024.5,江苏方洋集团有限公司,,,,,,,,,,,,,,2018年1月14日,2021年1月14日
1410,其他普通商品住房用地,连云港市,东海县,连云港利海城市广场项目,安峰镇商贸路南侧、人民路西侧,其他普通商品住房用地70年，批发零售用地40年,挂牌,385,,2017,2017年1月,2017年1月24日,0.8776,8776,2,17552,连云港利安置业有限公司,,,,,,,,,,,,,,2017年4月18日,2018年4月17日
1421,其他普通商品住房用地,连云港市,东海县,个人住宅,驼峰乡后坞墩村,其他商服用地40年，其他普通商品住房用地70年,挂牌,85,,2017,2017年1月,2017年1月16日,0.1031,1031,1.6,1649.6,宋春玲,,,,,,,,,,,,,,2017年1月31日,2019年1月30日
1423,其他普通商品住房用地,连云港市,东海县,晶城壹号院,东海县中华路东侧、晶都路北侧,其他普通商品住房用地70年，批发零售用地40年,挂牌,12750,,2017,2017年1月,2017年1月11日,4.72243,47224.3,3.5,165285.05,东海县正崴文旅置业有限公司,,,,,,,,,,,,,,2017年6月30日,2019年6月29日
1424,其他普通商品住房用地,连云港市,东海县,晶城壹号院,东海县中华北路西侧、晶都路北侧,其他普通商品住房用地70年，其他商服用地40年,挂牌,12800,,2017,2017年1月,2017年1月11日,4.73067,47306.7,3.5,165573.45,东海县正崴文旅置业有限公司,,,,,,,,,,,,,,2017年6月30日,2019年6月29日
1431,其他普通商品住房用地,连云港市,灌云县,灌云宏锦置业有限公司,县城东部城区,其他商服用地40年，其他普通商品住房用地70年,挂牌,1320,,2017,2017年1月,2017年1月9日,1.084,10840,2,21680,灌云宏锦置业有限公司,,,,,,,,,,,,,,2017年7月9日,2020年7月9日
1435,经济适用住房用地,连云港市,灌南县,连淮扬镇铁路李集乡朱圩安置小区建设工程,李集乡朱圩村,,划拨,0,,2017,2017年1月,2017年1月5日,3.2105,32105,1.6,51368,灌南县李集乡人民政府,,,,,,,,,,,,,,2017年11月1日,2019年11月1日
1444,其他普通商品住房用地,连云港市,灌云县,连云港市云阳置业有限公司,县卫生局南侧、宁连高速东侧,其他普通商品住房用地70年，其他商服用地40年,挂牌,7020,,2016,2016年12月,2016年12月27日,6.6669,66669,2,133338,连云港市云阳置业有限公司,,,,,,,,,,,,,,2017年6月27日,2020年6月27日
1455,其他普通商品住房用地,连云港市,赣榆区,连云港金东方港口投资有限公司,海滨大道西、204国道东侧,70,挂牌,4400,,2016,2016年12月,2016年12月12日,4.8909,48909,2,97818,连云港金东方港口投资有限公司,,,,,,,,,,,,,,2018年3月4日,2021年2月2日
1456,其他普通商品住房用地,连云港市,赣榆区,连云港金东方港口投资有限公司,海滨大道西、204国道东侧,70,挂牌,5100,,2016,2016年12月,2016年12月12日,5.6318,56318,2,112636,连云港金东方港口投资有限公司,,,,,,,,,,,,,,2018年3月4日,2021年2月2日
1457,其他普通商品住房用地,连云港市,赣榆区,连云港金东方港口投资有限公司,石桥镇海滨大道西、204国道东侧,70,挂牌,6300,,2016,2016年12月,2016年12月12日,6.9385,69385,2,138770,连云港金东方港口投资有限公司,,,,,,,,,,,,,,2018年3月4日,2021年2月2日
1458,其他普通商品住房用地,连云港市,赣榆区,连云港金东方港口投资有限公司,石桥镇海滨大道西、204国道东侧,70,挂牌,3500,,2016,2016年12月,2016年12月12日,3.8421,38421,2,76842,连云港金东方港口投资有限公司,,,,,,,,,,,,,,2018年3月4日,2021年2月2日
1459,其他普通商品住房用地,连云港市,赣榆区,连云港金东方港口投资有限公司,石桥镇海滨大道西、204国道东侧,70,挂牌,5500,,2016,2016年12月,2016年12月12日,6.0661,60661,2,121322,连云港金东方港口投资有限公司,,,,,,,,,,,,,,2018年3月4日,2021年2月2日
1460,其他普通商品住房用地,连云港市,赣榆区,连云港金东方港口投资有限公司,石桥镇海滨大道西、204国道东侧,70,挂牌,6200,,2016,2016年12月,2016年12月12日,6.9043,69043,2,138086,连云港金东方港口投资有限公司,,,,,,,,,,,,,,2018年3月4日,2021年2月2日
1461,其他普通商品住房用地,连云港市,赣榆区,连云港金东方港口投资有限公司,石桥镇海滨大道西、204国道东侧,70,挂牌,5900,,2016,2016年12月,2016年12月12日,6.5315,65315,2,130630,连云港金东方港口投资有限公司,,,,,,,,,,,,,,2018年3月4日,2021年2月2日
1465,其他普通商品住房用地,连云港市,灌云县,连云港广阔实业有限公司,灌云县杨集镇杨陡路,其他普通商品住房用地70年，商务金融用地40年,挂牌,1212,,2016,2016年11月,2016年11月30日,2.3041,23041,1.6,36865.6,连云港广阔实业有限公司,,,,,,,,,,,,,,2017年2月28日,2020年2月28日
1466,其他普通商品住房用地,连云港市,灌云县,连云港广阔实业有限公司,灌云县杨集镇利华村杨陡路,其他普通商品住房用地70年，商务金融用地40年,拍卖,1345,,2016,2016年11月,2016年11月30日,2.5593,25593,2,51186,连云港广阔实业有限公司,,,,,,,,,,,,,,2017年2月28日,2020年2月28日
1485,其他普通商品住房用地,连云港市,灌云县,连云港市九成房地产开发有限公司,连云港市伊山镇云台山大道东侧灌河路北侧,其他商服用地70年，其他普通商品住房用地50年,挂牌,7035,,2016,2016年11月,2016年11月22日,5.2103,52103,2.5,130257.5,连云港市九成房地产开发有限公司,,,,,,,,,,,,,,2017年7月31日,2020年7月31日
1492,中低价位、中小套型普通商品住房用地,连云港市,灌南县,新莞北路西侧地块一,新莞北路西侧,70,挂牌,4890.6,,2016,2016年11月,2016年11月16日,2.47,24700,2.5,61750,灌南顺昌房地产开发有限公司,,,,,,,,,,,,,,2017年5月16日,2020年5月16日
1493,中低价位、中小套型普通商品住房用地,连云港市,灌南县,新莞北路西侧地块二,新莞北路西侧,70,挂牌,9606.762,,2016,2016年11月,2016年11月16日,4.8519,48519,2.5,121297.5,灌南顺昌房地产开发有限公司,,,,,,,,,,,,,,2017年5月16日,2020年5月16日
1530,中低价位、中小套型普通商品住房用地,连云港市,灌南县,经四路西侧地块,经四路西侧,70,挂牌,3902.1,,2016,2016年10月,2016年10月17日,6.5035,65035,2,130070,江苏铜灌置业有限公司,,,,,,,,,,,,,,2017年4月17日,2020年4月17日
1538,经济适用住房用地,连云港市,灌南县,新建周庄村集中居住区项目,新集镇周庄村,,划拨,0,,2016,2016年9月,2016年9月18日,4.7957,47957,1,47957,灌南县新集镇人民政府,,,,,,,,,,,,,,2017年8月1日,2019年8月1日
1543,其他普通商品住房用地,连云港市,东海县,聚龙名苑项目,府苑路北侧、复兴路东侧,其他普通商品住房用地70年，批发零售用地40年,挂牌,6800,,2016,2016年9月,2016年9月12日,2.6035,26035,3,78105,连云港杰诚置业有限公司聚龙分公司,,,,,,,,,,,,,,2016年9月30日,2018年9月29日
1560,经济适用住房用地,连云港市,灌南县,新建镇西新苑安置小区三期项目,新安镇镇西村,,划拨,0,,2016,2016年7月,2016年7月27日,3.5276,35276,1.8,63496.8,灌南县经济适用房开发中心,,,,,,,,,,,,,,2017年4月1日,2019年4月1日
1583,其他普通商品住房用地,连云港市,东海县,美麟.大公馆（北区）项目,东海县滨河南路南侧,其他普通商品住房用地70年，其他商服用地40年,挂牌,12010,,2016,2016年7月,2016年7月9日,4.7833,47833,3.5,167415.5,连云港市明泰房地产开发有限公司,,,,,,,,,,,,,,2016年10月8日,2018年10月7日
1591,中低价位、中小套型普通商品住房用地,连云港市,灌南县,南方家园南侧地块一,南方家园南侧地块一（南方家园南侧）,70,挂牌,6325.4646,,2016,2016年6月,2016年6月22日,5.40638,54063.8,3,162191.4,灌南县华泰房地产开发有限公司,,,,,,,,,,,,,,2016年12月22日,2019年12月22日
1592,中低价位、中小套型普通商品住房用地,连云港市,灌南县,南方家园南侧地块二,南方家园南侧地块二（南方家园南侧）,70,挂牌,8189.181,,2016,2016年6月,2016年6月22日,6.9993,69993,3,209979,江苏港利房地产开发有限公司,,,,,,,,,,,,,,2016年12月22日,2019年12月22日
1593,中低价位、中小套型普通商品住房用地,连云港市,灌南县,南方家园南侧地块三,南方家园南侧地块三（南方家园南侧）,70,挂牌,2628.288,,2016,2016年6月,2016年6月22日,2.2464,22464,3,67392,江苏港利房地产开发有限公司,,,,,,,,,,,,,,2016年12月22日,2019年12月22日
1594,中低价位、中小套型普通商品住房用地,连云港市,灌南县,扬州北路西侧地块一,扬州北路西侧地块一（扬州北路西侧）,中低价位、中小套型普通商品住房用地70年，批发零售用地40年,挂牌,5945.9625,,2016,2016年6月,2016年6月22日,4.6635,46635,2.5,116587.5,灌南县铭泽房地产开发有限公司,,,,,,,,,,,,,,2016年12月22日,2019年12月22日
1595,中低价位、中小套型普通商品住房用地,连云港市,灌南县,新苑小区东侧地块,新苑小区东侧地块（新苑小区东侧）,70,挂牌,2864.505,,2016,2016年6月,2016年6月22日,2.7281,27281,2.5,68202.5,连云港金大地置业有限公司,,,,,,,,,,,,,,2016年12月22日,2019年12月22日
1600,其他普通商品住房用地,连云港市,东海县,祥泰嘉园项目,东海县开发区245省道东侧、华泰公寓南侧,其他普通商品住房用地70年，批发零售用地40年,挂牌,1275,,2016,2016年6月,2016年6月17日,1.0558,10558,2.5,26395,东海县祥泰置业有限公司,,,,,,,,,,,,,,2016年10月8日,2018年10月8日
1611,其他普通商品住房用地,连云港市,东海县,温泉住宅小区项目,温泉镇驻地,70,挂牌,130,,2016,2016年6月,2016年6月6日,0.36405,3640.5,1.5,5460.75,张恩兰,,,,,,,,,,,,,,2016年10月8日,2018年10月8日
1616,其他普通商品住房用地,连云港市,东海县,平明镇隆晟家园二期项目,东海县平明镇驻地,70,挂牌,258,,2016,2016年6月,2016年6月1日,0.44967,4496.7,1.7,7644.39,东海县春晟房地产开发有限公司,,,,,,,,,,,,,,2016年6月15日,2018年6月15日
1626,其他普通商品住房用地,连云港市,海州区,海州区海宁路南、郁洲路西A、B地块,海州区海宁路南、郁洲路西A、B地块,商务金融用地40年，其他商服用地40年，住宿餐饮用地40年，其他普通商品住房用地70年，批发零售用地40年,挂牌,19090,,2016,2016年5月,2016年5月20日,5.3063,53063,2.69,142739.47,连云港市港华置业有限公司,,,,,,,,,,,,,,2017年3月6日,2020年3月6日
1627,经济适用住房用地,连云港市,灌南县,灌南县田楼镇人民政府新建连盐铁路安置小区一期项目,田楼镇浦二庄村,,划拨,0,,2016,2016年5月,2016年5月18日,1.3389,13389,1.55,20752.95,灌南县田楼镇人民政府,,,,,,,,,,,,,,2016年12月1日,2018年12月1日
1628,其他普通商品住房用地,连云港市,海州区,海宁路南、通灌路西,海宁路南、通灌路西,住宿餐饮用地40年，其他普通商品住房用地70年，商务金融用地40年，批发零售用地40年,挂牌,45300,,2016,2016年5月,2016年5月16日,10.2713,102713,2.3,236239.9,连云港祥生连报房地产开发有限公司,,,,,,,,,,,,,,2017年1月29日,2020年1月29日
1629,其他普通商品住房用地,连云港市,海州区,浦南镇龙浦路南、国槐路东,浦南镇龙浦路南、国槐路东,其他普通商品住房用地70年，其他商服用地40年，住宿餐饮用地40年，批发零售用地40年,挂牌,5810,,2016,2016年5月,2016年5月13日,4.498,44980,1.6,71968,连云港建豪置业有限公司,,,,,,,,,,,,,,2017年1月27日,2020年1月27日
1631,其他普通商品住房用地,连云港市,东海县,东轩铭居项目,东海县黄川镇驻地,批发零售用地40年，其他普通商品住房用地70年,挂牌,1460,,2016,2016年5月,2016年5月6日,3.5296,35296,1.7,60003.2,连云港锦地置业有限公司,,,,,,,,,,,,,,2016年9月20日,2018年9月30日
1643,经济适用住房用地,连云港市,东海县,石榴镇讲习新农村建设项目,石榴街道讲习村,,划拨,0,,2016,2016年4月,2016年4月19日,2.6002,26002,5,130010,东海县人民政府石榴街道办事处,,,,,,,,,,,,,,2016年4月21日,2016年12月29日
1645,其他普通商品住房用地,连云港市,连云区,连云港高科投资发展有限公司,开发区先锋路南、台西路东侧07地块,70,挂牌,8350,,2016,2016年4月,2016年4月17日,4.4508,44508,2,89016,连云港高科投资发展有限公司,,,,,,,,,,,,,,2017年2月7日,2020年2月7日
1646,其他普通商品住房用地,连云港市,连云区,江苏全港建设有限公司,开发区昆仑山路西侧,商务金融用地40年，批发零售用地40年，其他普通商品住房用地70年，住宿餐饮用地40年,挂牌,7220,,2016,2016年4月,2016年4月17日,6.0128,60128,2,120256,江苏全港建设有限公司,,,,,,,,,,,,,,2017年2月7日,2020年2月7日
1652,经济适用住房用地,连云港市,灌南县,灌南县堆沟镇人民政府新建八队新村西区和北区项目,堆沟港镇刘集村,,划拨,0,,2016,2016年4月,2016年4月5日,1.281,12810,1.6,20496,灌南县堆沟港镇人民政府,,,,,,,,,,,,,,2016年10月1日,2018年10月1日
1653,经济适用住房用地,连云港市,灌南县,灌南县堆沟镇人民政府新建八队新村西区和北区项目,堆沟港镇五荡村,,划拨,0,,2016,2016年4月,2016年4月5日,1.8261,18261,1.6,29217.6,灌南县堆沟港镇人民政府,,,,,,,,,,,,,,2016年10月1日,2018年10月1日
1654,经济适用住房用地,连云港市,灌南县,灌南县堆沟镇人民政府新建八队新村西区和北区项目,堆沟港镇刘集村,,划拨,0,,2016,2016年4月,2016年4月5日,1.086,10860,1.6,17376,灌南县堆沟港镇人民政府,,,,,,,,,,,,,,2016年10月1日,2018年10月1日
1657,公共租赁住房用地,连云港市,灌云县,灌云县临港产业区公租房项目,灌云县临港产业区境内,,划拨,0,,2016,2016年3月,2016年3月24日,0.5056,5056,1.5,7584,连云港盛海置业有限公司,,,,,,,,,,,,,,2016年3月24日,2018年10月12日
1698,经济适用住房用地,连云港市,灌南县,灌南县经济适用房开发中心新建镇西新苑保障性住房项目,灌南县新安镇镇西村,,划拨,0,,2016,2016年3月,2016年3月2日,3.5954,35954,2.5,89885,灌南县经济适用房开发中心,,,,,,,,,,,,,,2016年10月1日,2018年10月1日
1715,中低价位、中小套型普通商品住房用地,连云港市,灌南县,富阳路西侧地块,富阳路西侧,中低价位、中小套型普通商品住房用地70年，批发零售用地40年,挂牌,1797.39,,2016,2016年1月,2016年1月29日,1.9971,19971,2.5,49927.5,灌南泰丰房地产开发有限公司,,,,,,,,,,,,,,2016年9月2日,2019年9月2日
1716,其他普通商品住房用地,连云港市,东海县,平明镇清华苑小区,平明镇驻地,其他普通商品住房用地70年，批发零售用地40年,挂牌,130,,2016,2016年1月,2016年1月28日,0.28443,2844.3,2.7,7679.61,东海县汇博房地产开发有限公司,,,,,,,,,,,,,,2016年3月31日,2017年6月30日
1717,其他普通商品住房用地,连云港市,东海县,平明尚城花园项目,平明镇驻地,70,挂牌,113,,2016,2016年1月,2016年1月28日,0.29904,2990.4,2,5980.8,东海县浩博房地产开发有限公司,,,,,,,,,,,,,,2016年6月28日,2018年6月28日
1718,其他普通商品住房用地,连云港市,赣榆区,江苏江恒置业集团有限公司,金山镇怀仁路西侧、金山大道北侧,70,挂牌,1000,,2016,2016年1月,2016年1月21日,1.6297,16297,1.8,29334.6,江苏江恒置业集团有限公司,,,,,,,,,,,,,,2016年12月19日,2019年12月18日
1719,其他普通商品住房用地,连云港市,赣榆区,连云港广业置业有限公司,沙河镇泰和路北侧、东风路西侧,70,挂牌,1000,,2016,2016年1月,2016年1月20日,0.4104,4104,3.5,14364,连云港广业置业有限公司,,,,,,,,,,,,,,2016年12月8日,2018年12月7日
1720,其他普通商品住房用地,连云港市,赣榆区,江苏点石置业集团有限公司,城区怀仁路西侧、秦山路北侧,70,挂牌,1450,,2016,2016年1月,2016年1月19日,1.199,11990,1.8,21582,江苏点石置业集团有限公司,,,,,,,,,,,,,,2016年12月8日,2019年12月7日
1722,其他普通商品住房用地,连云港市,赣榆区,王永东,海头镇204国道东侧、海安路南侧,70,挂牌,400,,2016,2016年1月,2016年1月15日,0.6376,6376,2.2,14027.2,王永东,,,,,,,,,,,,,,2017年4月6日,2019年4月5日
1723,其他普通商品住房用地,连云港市,赣榆区,连云港源基投资有限公司,墩尚镇红枫路东侧、海棠路南侧,70,挂牌,160,,2016,2016年1月,2016年1月14日,0.2311,2311,1.7,3928.7,连云港源基投资有限公司,,,,,,,,,,,,,,2016年8月8日,2018年8月7日
1724,其他普通商品住房用地,连云港市,赣榆区,连云港至诚轮胎销售有限公司,赣马镇老242省道东侧,70,挂牌,190,,2016,2016年1月,2016年1月13日,0.2917,2917,2,5834,连云港至诚轮胎销售有限公司,,,,,,,,,,,,,,2016年7月10日,2018年7月9日
1726,其他普通商品住房用地,连云港市,赣榆区,江苏新海石化有限公司,柘汪镇日照大道东侧、连云港大道南侧,70,挂牌,1800,,2016,2016年1月,2016年1月13日,3.2,32000,1.7,54400,江苏新海石化有限公司,,,,,,,,,,,,,,2016年12月9日,2019年12月8日
1727,其他普通商品住房用地,连云港市,海州区,滨河新城浦发路东、同仁路南,滨河新城浦发路东、同仁路南,70,挂牌,22720,,2016,2016年1月,2016年1月13日,11.4444,114444,1.8,205999.2,连云港中房城市建设投资开发有限公司,,,,,,,,,,,,,,2016年9月28日,2019年9月28日
1728,其他普通商品住房用地,连云港市,赣榆区,江苏金珠房地产开发有限公司,黑林镇242省道南侧,70,挂牌,1000,,2016,2016年1月,2016年1月12日,1.548,15480,1.7,26316,江苏金珠房地产开发有限公司,,,,,,,,,,,,,,2016年12月8日,2019年12月7日
1729,其他普通商品住房用地,连云港市,海州区,浦南镇迎春花路南、梧桐北路东,浦南镇迎春花路南、梧桐北路东,70,挂牌,5380,,2016,2016年1月,2016年1月11日,4.4819,44819,1.6,71710.4,连云港梧桐里资产管理有限公司,,,,,,,,,,,,,,2016年9月24日,2019年9月24日
1736,其他普通商品住房用地,连云港市,灌云县,灌云洁廉置业有限公司,同兴镇同兴社区内,70,挂牌,66,,2015,2015年12月,2015年12月25日,0.2189,2189,1.4,3064.6,吴德军,,,,,,,,,,,,,,2016年6月30日,2019年6月29日
1739,中低价位、中小套型普通商品住房用地,连云港市,灌南县,原李集供销社地块,原李集供销社,中低价位、中小套型普通商品住房用地70年，批发零售用地40年,挂牌,354.618,,2015,2015年12月,2015年12月18日,0.7164,7164,2.5,17910,灌南县海鑫置业有限公司,,,,,,,,,,,,,,2016年6月18日,2019年6月18日
1775,其他普通商品住房用地,连云港市,东海县,香墅湾花园项目,驼峰乡245省道东侧,批发零售用地40年，其他普通商品住房用地70年,挂牌,4000,,2015,2015年11月,2015年11月19日,6.6666,66666,2,133332,连云港佑康房地产开发有限公司,,,,,,,,,,,,,,2016年9月6日,2019年9月4日
1776,经济适用住房用地,连云港市,东海县,东海农场新建居民安置楼项目,东海农场驻地,,划拨,0,,2015,2015年11月,2015年11月19日,2.2579,22579,1.7,38384.3,东海农场有限公司,,,,,,,,,,,,,,2015年12月29日,2016年12月29日
1812,其他普通商品住房用地,连云港市,灌云县,连云港博云房地产开发有限公司,伊王路南侧,其他普通商品住房用地70年，其他商服用地40年,挂牌,409,,2015,2015年11月,2015年11月10日,1.135,11350,1.8,20430,连云港博云房地产开发有限公司,,,,,,,,,,,,,,2016年6月30日,2019年6月30日
1813,其他普通商品住房用地,连云港市,灌云县,连云港博云房地产开发有限公司,伊王路南侧,其他普通商品住房用地70年，其他商服用地40年,挂牌,552,,2015,2015年11月,2015年11月10日,1.4657,14657,1.8,26382.6,连云港博云房地产开发有限公司,,,,,,,,,,,,,,2016年6月30日,2019年6月30日
1816,其他普通商品住房用地,连云港市,赣榆区,连云港金东方港口投资有限公司,石桥镇海堤西侧,70,挂牌,8300,,2015,2015年11月,2015年11月6日,5.56,55600,2,111200,连云港金东方港口投资有限公司,,,,,,,,,,,,,,2016年9月2日,2019年8月1日
1817,其他普通商品住房用地,连云港市,赣榆区,连云港金东方港口投资有限公司,石桥镇海堤西侧,70,挂牌,9830,,2015,2015年11月,2015年11月6日,6.5895,65895,2,131790,连云港金东方港口投资有限公司,,,,,,,,,,,,,,2016年9月2日,2019年8月1日
1818,其他普通商品住房用地,连云港市,赣榆区,连云港金东方港口投资有限公司,石桥镇海堤西侧,70,挂牌,6660,,2015,2015年11月,2015年11月6日,4.4024,44024,2,88048,连云港金东方港口投资有限公司,,,,,,,,,,,,,,2016年9月2日,2019年8月1日
1819,其他普通商品住房用地,连云港市,赣榆区,连云港金东方港口投资有限公司,石桥镇海堤西侧,70,挂牌,5780,,2015,2015年11月,2015年11月6日,3.8689,38689,2,77378,连云港金东方港口投资有限公司,,,,,,,,,,,,,,2016年9月2日,2019年8月1日
1820,其他普通商品住房用地,连云港市,赣榆区,连云港金东方港口投资有限公司,石桥镇海堤西侧,70,挂牌,10050,,2015,2015年11月,2015年11月6日,6.7243,67243,2,134486,连云港金东方港口投资有限公司,,,,,,,,,,,,,,2016年9月2日,2019年8月1日
1821,其他普通商品住房用地,连云港市,赣榆区,连云港金东方港口投资有限公司,石桥镇海堤西侧,70,挂牌,6780,,2015,2015年11月,2015年11月6日,4.5377,45377,2,90754,连云港金东方港口投资有限公司,,,,,,,,,,,,,,2016年9月2日,2019年8月1日
1822,其他普通商品住房用地,连云港市,赣榆区,连云港金东方港口投资有限公司,石桥镇海堤西侧,70,挂牌,9920,,2015,2015年11月,2015年11月6日,6.6899,66899,2,133798,连云港金东方港口投资有限公司,,,,,,,,,,,,,,2016年9月2日,2019年8月1日
1823,其他普通商品住房用地,连云港市,赣榆区,连云港金东方港口投资有限公司,石桥镇海堤西侧,70,挂牌,9010,,2015,2015年11月,2015年11月6日,6.0103,60103,2,120206,连云港金东方港口投资有限公司,,,,,,,,,,,,,,2016年9月2日,2019年8月1日
1824,其他普通商品住房用地,连云港市,赣榆区,连云港金东方港口投资有限公司,石桥镇海堤西侧,70,挂牌,6656,,2015,2015年11月,2015年11月6日,4.3959,43959,2,87918,连云港金东方港口投资有限公司,,,,,,,,,,,,,,2016年9月2日,2019年8月1日
1825,其他普通商品住房用地,连云港市,赣榆区,连云港金东方港口投资有限公司,石桥镇海堤西侧,70,挂牌,5780,,2015,2015年11月,2015年11月6日,3.868,38680,2,77360,连云港金东方港口投资有限公司,,,,,,,,,,,,,,2016年9月2日,2019年8月1日
1826,其他普通商品住房用地,连云港市,赣榆区,连云港金东方港口投资有限公司,石桥镇海堤西侧,70,挂牌,4650,,2015,2015年11月,2015年11月6日,3.0549,30549,2,61098,连云港金东方港口投资有限公司,,,,,,,,,,,,,,2016年9月2日,2019年8月1日
1827,中低价位、中小套型普通商品住房用地,连云港市,灌南县,福清路西侧地块,福清路西侧,70,挂牌,4911.06,,2015,2015年11月,2015年11月6日,4.6772,46772,2.5,116930,连云港市盈佳置业有限公司,,,,,,,,,,,,,,2016年5月6日,2019年5月6日
1828,其他普通商品住房用地,连云港市,赣榆区,连云港金东方港口投资有限公司,石桥镇海堤西侧,70,挂牌,4980,,2015,2015年11月,2015年11月6日,3.3119,33119,2,66238,连云港金东方港口投资有限公司,,,,,,,,,,,,,,2016年9月2日,2019年8月1日
1829,其他普通商品住房用地,连云港市,赣榆区,连云港金东方港口投资有限公司,石桥镇海堤西侧,70,挂牌,10150,,2015,2015年11月,2015年11月6日,6.8332,68332,2,136664,连云港金东方港口投资有限公司,,,,,,,,,,,,,,2016年9月2日,2019年8月1日
1830,其他普通商品住房用地,连云港市,赣榆区,连云港金东方港口投资有限公司,石桥镇海堤西侧,70,挂牌,8070,,2015,2015年11月,2015年11月6日,5.4126,54126,2,108252,连云港金东方港口投资有限公司,,,,,,,,,,,,,,2016年9月2日,2019年8月1日
1831,其他普通商品住房用地,连云港市,赣榆区,连云港金东方港口投资有限公司,石桥镇海堤西侧,70,挂牌,8926,,2015,2015年11月,2015年11月6日,6.029,60290,2,120580,连云港金东方港口投资有限公司,,,,,,,,,,,,,,2016年9月2日,2019年8月1日
1832,其他普通商品住房用地,连云港市,赣榆区,连云港金东方港口投资有限公司,石桥镇海堤西侧,70,挂牌,10294,,2015,2015年11月,2015年11月6日,6.8823,68823,2,137646,连云港金东方港口投资有限公司,,,,,,,,,,,,,,2016年9月2日,2019年8月1日
1833,其他普通商品住房用地,连云港市,赣榆区,连云港金东方港口投资有限公司,石桥镇海堤西侧,70,挂牌,10354,,2015,2015年11月,2015年11月6日,6.9487,69487,2,138974,连云港金东方港口投资有限公司,,,,,,,,,,,,,,2016年9月2日,2019年8月1日
1834,其他普通商品住房用地,连云港市,赣榆区,连云港金东方港口投资有限公司,石桥镇海堤西侧,70,挂牌,5040,,2015,2015年11月,2015年11月6日,3.3792,33792,2,67584,连云港金东方港口投资有限公司,,,,,,,,,,,,,,2016年9月2日,2019年8月1日
1835,其他普通商品住房用地,连云港市,赣榆区,连云港金东方港口投资有限公司,石桥镇海堤西侧,70,挂牌,9075,,2015,2015年11月,2015年11月6日,5.9725,59725,2,119450,连云港金东方港口投资有限公司,,,,,,,,,,,,,,2016年9月2日,2019年8月1日
1836,中低价位、中小套型普通商品住房用地,连云港市,灌南县,清水湾南侧地块二,清水湾南侧,70,挂牌,5652.72,,2015,2015年11月,2015年11月6日,4.7106,47106,2.2,103633.2,连云港金大地置业有限公司,,,,,,,,,,,,,,2016年5月6日,2019年5月6日
1837,中低价位、中小套型普通商品住房用地,连云港市,灌南县,南六塘河东侧地块,南六塘河东侧,70,挂牌,5447.7,,2015,2015年11月,2015年11月6日,6.053,60530,2.5,151325,灌南宏远房地产开发有限公司,,,,,,,,,,,,,,2016年5月6日,2019年5月6日
1869,其他普通商品住房用地,连云港市,东海县,石湖兴成小区项目,石湖乡牛桃路南侧、站林路西侧,70,挂牌,35,,2015,2015年10月,2015年10月22日,0.1028,1028,1.5,1542,东海县泽筱置业有限公司,,,,,,,,,,,,,,2016年1月31日,2016年12月31日
1870,其他普通商品住房用地,连云港市,连云区,连云区板桥滨河北路北、新建路西侧02地块,连云区板桥滨河北路北、新建路西02地块,住宿餐饮用地40年，其他商服用地40年，批发零售用地40年，商务金融用地40年，其他普通商品住房用地70年,挂牌,870,,2015,2015年10月,2015年10月22日,0.7695,7695,1.8,13851,江苏云港投资发展有限公司,,,,,,,,,,,,,,2016年7月29日,2019年7月28日
1872,其他普通商品住房用地,连云港市,东海县,石湖兴成小区二期项目,石湖乡牛桃路南侧、站林路西侧,70,挂牌,50,,2015,2015年10月,2015年10月22日,0.1456,1456,1.5,2184,东海县泽筱置业有限公司,,,,,,,,,,,,,,2015年12月31日,2017年6月30日
1900,经济适用住房用地,连云港市,东海县,万锦城A区（保障性住房）一期,东海县245省道北侧、万锦路西侧,,划拨,0,,2015,2015年9月,2015年9月21日,3.66625,36662.5,1.7,62326.25,东海县房产管理局,,,,,,,,,,,,,,2015年10月31日,2016年11月30日
1937,经济适用住房用地,连云港市,灌南县,经济适用房,新安镇曹庄村,,划拨,0,,2015,2015年8月,2015年8月21日,1.9997,19997,2,39994,新安镇人民政府,,,,,,,,,,,,,,2016年8月8日,2019年8月7日
1941,其他普通商品住房用地,连云港市,灌云县,连云港恒驰实业投资有限公司,县卫生局南侧、县城西环路西侧,70,挂牌,7633,,2015,2015年8月,2015年8月21日,6.3608,63608,1.7,108133.6,连云港恒驰实业有限公司,,,,,,,,,,,,,,2016年6月30日,2019年6月29日
1978,经济适用住房用地,连云港市,海州区,锦屏磷矿棚户区改造建设工程――工人新村项目（一期）,锦屏镇规划锦西路东、规划镇前路北,,划拨,0,,2015,2015年8月,2015年8月7日,2.38428,23842.8,1.5,35764.2,江苏海州发展集团有限公司,,,,,,,,,,,,,,2015年8月10日,2016年11月15日
1988,经济适用住房用地,连云港市,灌南县,灌南县新集镇人民政府新建周庄村集中居住区项目,新集镇周庄村,,划拨,0,,2015,2015年8月,2015年8月3日,2.69,26900,1.01,27169,灌南县新集镇人民政府,,,,,,,,,,,,,,2015年9月15日,2017年9月14日
1990,经济适用住房用地,连云港市,灌南县,新建鹏程南苑保障性住房,新安镇镇中村,,划拨,0,,2015,2015年8月,2015年8月3日,0.8072,8072,1.8,14529.6,灌南县经济适用房开发中心,,,,,,,,,,,,,,2015年9月22日,2017年9月21日
1992,其他普通商品住房用地,连云港市,赣榆区,江苏苏海投资集团有限公司,海堤西侧,70,挂牌,7700,,2015,2015年7月,2015年7月30日,5.141,51410,2,102820,江苏苏海投资集团有限公司,,,,,,,,,,,,,,2016年3月20日,2019年2月19日
1993,其他普通商品住房用地,连云港市,赣榆区,江苏苏海投资集团有限公司,石桥镇海堤西侧,70,挂牌,9600,,2015,2015年7月,2015年7月30日,6.3961,63961,2,127922,江苏苏海投资集团有限公司,,,,,,,,,,,,,,2016年3月20日,2019年2月19日
1994,其他普通商品住房用地,连云港市,赣榆区,江苏苏海投资集团有限公司,石桥镇海堤西侧,70,挂牌,7900,,2015,2015年7月,2015年7月30日,5.2855,52855,2,105710,江苏苏海投资集团有限公司,,,,,,,,,,,,,,2016年3月20日,2019年2月19日
1995,其他普通商品住房用地,连云港市,赣榆区,江苏苏海投资集团有限公司,海堤西侧,70,挂牌,6400,,2015,2015年7月,2015年7月30日,4.2455,42455,2,84910,江苏苏海投资集团有限公司,,,,,,,,,,,,,,2016年3月20日,2019年2月19日
1996,其他普通商品住房用地,连云港市,赣榆区,江苏苏海投资集团有限公司,石桥镇海堤西侧,70,挂牌,2500,,2015,2015年7月,2015年7月30日,1.6683,16683,2,33366,江苏苏海投资集团有限公司,,,,,,,,,,,,,,2016年3月20日,2019年2月19日
1997,其他普通商品住房用地,连云港市,赣榆区,江苏苏海投资集团有限公司,石桥镇海堤西侧,70,挂牌,9300,,2015,2015年7月,2015年7月30日,6.2063,62063,2,124126,江苏苏海投资集团有限公司,,,,,,,,,,,,,,2016年3月20日,2019年2月19日
1998,其他普通商品住房用地,连云港市,赣榆区,江苏苏海投资集团有限公司,海堤西侧,70,挂牌,9300,,2015,2015年7月,2015年7月30日,6.1776,61776,2,123552,江苏苏海投资集团有限公司,,,,,,,,,,,,,,2016年3月20日,2019年2月19日
2006,经济适用住房用地,连云港市,灌南县,李集新城,李集乡拐圩村,,划拨,0,,2015,2015年7月,2015年7月6日,0.3327,3327,1,3327,李集乡人民政府,,,,,,,,,,,,,,2015年8月12日,2017年8月12日
2007,经济适用住房用地,连云港市,灌南县,李集新城,李集乡拐圩村,,划拨,0,,2015,2015年7月,2015年7月6日,1.1146,11146,1,11146,李集乡人民政府,,,,,,,,,,,,,,2015年8月12日,2017年8月12日
2008,经济适用住房用地,连云港市,灌南县,李集新城,李集乡拐圩村,,划拨,0,,2015,2015年7月,2015年7月6日,0.9457,9457,1,9457,李集乡人民政府,,,,,,,,,,,,,,2015年8月12日,2017年8月12日
2016,其他普通商品住房用地,连云港市,赣榆区,连云港大力房地产开发有限公司,塔山镇金鑫大道东侧、金光路北侧,70,挂牌,495,,2015,2015年7月,2015年7月1日,1.0583,10583,1.8,19049.4,连云港大力房地产开发有限公司,,,,,,,,,,,,,,2016年9月22日,2019年8月22日
2038,其他普通商品住房用地,连云港市,赣榆区,连云港大力房地产开发有限公司,柘汪新城区,70,挂牌,3850,,2015,2015年6月,2015年6月26日,5.7013,57013,1.8,102623.4,连云港大力房地产开发有限公司,,,,,,,,,,,,,,2016年9月22日,2019年8月22日
2047,其他普通商品住房用地,连云港市,海州区,海州区滨河新城郁洲路南、规划六路东,海州区滨河新城郁洲路南、规划六路东,70,挂牌,15070,,2015,2015年6月,2015年6月18日,7.7484,77484,1.8,139471.2,连云港市碧桂园房地产开发有限公司,,,,,,,,,,,,,,2016年3月18日,2019年3月18日
2048,经济适用住房用地,连云港市,灌南县,小窑新村地块,百禄镇窑湾村,,划拨,0,,2015,2015年6月,2015年6月17日,1.0475,10475,1,10475,百禄镇人民政府,,,,,,,,,,,,,,2015年8月11日,2017年8月17日
2053,经济适用住房用地,连云港市,灌南县,大和新村项目,孟兴庄镇大和村,,划拨,0,,2015,2015年6月,2015年6月16日,2.4001,24001,1,24001,孟兴庄镇人民政府,,,,,,,,,,,,,,2015年7月21日,2017年7月21日
2054,经济适用住房用地,连云港市,灌南县,大和新村项目,孟兴庄镇大和村,,划拨,0,,2015,2015年6月,2015年6月16日,3.4187,34187,1,34187,孟兴庄镇人民政府,,,,,,,,,,,,,,2015年7月21日,2017年7月21日
2055,经济适用住房用地,连云港市,灌南县,大和新村项目,孟兴庄镇大和村,,划拨,0,,2015,2015年6月,2015年6月16日,0.8691,8691,1,8691,孟兴庄镇人民政府,,,,,,,,,,,,,,2015年7月21日,2017年7月21日
2057,经济适用住房用地,连云港市,灌南县,大和新村项目,孟兴庄镇大和村,,划拨,0,,2015,2015年6月,2015年6月16日,1.0245,10245,1,10245,孟兴庄镇人民政府,,,,,,,,,,,,,,2015年7月21日,2017年7月21日
2060,经济适用住房用地,连云港市,灌南县,大和新村项目,孟兴庄镇大和村,,划拨,0,,2015,2015年6月,2015年6月16日,0.1694,1694,1,1694,孟兴庄镇人民政府,,,,,,,,,,,,,,2015年7月21日,2017年7月21日
2063,经济适用住房用地,连云港市,灌南县,汤沟镇连五村地块,汤沟镇连五村,,划拨,0,,2015,2015年6月,2015年6月15日,0.6397,6397,1,6397,汤沟镇人民政府,,,,,,,,,,,,,,2015年8月10日,2017年8月10日
2064,经济适用住房用地,连云港市,灌南县,大和新村项目,孟兴庄镇大和村,,划拨,0,,2015,2015年6月,2015年6月15日,0.1755,1755,1,1755,孟兴庄镇人民政府,,,,,,,,,,,,,,2015年7月21日,2017年7月21日
2085,其他普通商品住房用地,连云港市,海州区,海州区滨河新城同心路南、浦发路东,海州区滨河新城同心路南、浦发路东,70,挂牌,8080,,2015,2015年5月,2015年5月15日,3.936,39360,1.8,70848,连云港市圣承房地产开发有限公司,,,,,,,,,,,,,,2016年2月15日,2019年2月15日
2099,其他普通商品住房用地,连云港市,灌云县,灌云春联置业有限公司,灌云县经济开发区西苑南路东侧、民安南路西侧,批发零售用地40年，其他普通商品住房用地70年,挂牌,11294,,2015,2015年4月,2015年4月28日,6.9714,69714,3.2,223084.8,灌云春联置业有限公司,,,,,,,,,,,,,,2015年12月31日,2018年12月30日
2114,其他普通商品住房用地,连云港市,连云区,连云港高科投资发展有限公司,开发区先锋路南、跃湖路西、新航路东,70,挂牌,10320,,2015,2015年4月,2015年4月13日,5.4163,54163,2,108326,连云港高科投资发展有限公司,,,,,,,,,,,,,,2016年1月21日,2019年1月21日
2118,其他普通商品住房用地,连云港市,东海县,开发区海丰兰情小区,东海县开发区驻地,其他普通商品住房用地70年，批发零售用地40年,挂牌,2072,,2015,2015年4月,2015年4月7日,2.08597,20859.7,2,41719.4,连云港海丰懒情房地产开发有限公司,,,,,,,,,,,,,,2015年5月20日,2018年5月20日
2120,其他普通商品住房用地,连云港市,海州区,海州区解放路北、工农路东地块,海州区解放路北、工农路东地块,批发零售用地40年，其他普通商品住房用地70年,挂牌,11880,,2015,2015年4月,2015年4月2日,3.2976,32976,2.77,91343.52,连云港市同城地产集团有限责任公司,,,,,,,,,,,,,,2016年1月2日,2019年1月2日
2122,经济适用住房用地,连云港市,赣榆区,下口村民宅基地,青口镇下口村,,划拨,0,,2015,2015年4月,2015年4月2日,4.3241,43241,1.8,77833.8,青口镇下口村村委会,,,,,,,,,,,,,,2015年7月31日,2017年7月31日
2141,经济适用住房用地,连云港市,灌南县,惠庄新苑保障性住房,新安镇镇中村,,划拨,0,,2015,2015年3月,2015年3月23日,5.8753,58753,2.5,146882.5,灌南县经济适用房开发中心,,,,,,,,,,,,,,2015年4月1日,2017年3月31日
2143,经济适用住房用地,连云港市,灌南县,惠庄新苑保障性住房,新安镇镇中村,,划拨,0,,2015,2015年3月,2015年3月23日,1.3284,13284,2.5,33210,灌南县经济适用房开发中心,,,,,,,,,,,,,,2015年4月1日,2017年3月31日
2144,其他普通商品住房用地,连云港市,灌云县,连云港恒驰实业有限公司,灌云县海洋鱼业局东侧、建设路北侧,其他商服用地40年，其他普通商品住房用地70年,挂牌,2310,,2015,2015年3月,2015年3月19日,1.0269,10269,2.5,25672.5,连云港恒驰实业有限公司,,,,,,,,,,,,,,2015年12月31日,2018年12月30日
2145,其他普通商品住房用地,连云港市,灌云县,连云港恒驰实业有限公司,灌云西苑路东侧、胜利路南侧,其他普通商品住房用地70年，其他商服用地40年,挂牌,3452,,2015,2015年3月,2015年3月19日,1.2788,12788,2.5,31970,连云港恒驰实业有限公司,,,,,,,,,,,,,,2015年12月31日,2018年12月30日
2146,其他普通商品住房用地,连云港市,灌云县,连云港恒驰实业有限公司,县城长安大道北侧、振兴南路西侧,其他商服用地40年，其他普通商品住房用地70年,挂牌,2100,,2015,2015年3月,2015年3月19日,0.9981,9981,2,19962,连云港恒驰实业有限公司,,,,,,,,,,,,,,2015年12月31日,2018年12月30日
2164,中低价位、中小套型普通商品住房用地,连云港市,灌南县,申城名贵苑西侧地块三,申城名贵苑西侧,70,挂牌,8581.3875,,2015,2015年2月,2015年2月6日,6.7305,67305,3,201915,灌南国投欧亚置业有限公司,,,,,,,,,,,,,,2015年5月6日,2018年5月6日
2165,中低价位、中小套型普通商品住房用地,连云港市,灌南县,盐河北路北侧地块,盐河北路北侧,70,挂牌,4200,,2015,2015年2月,2015年2月6日,4,40000,2,80000,连云港凯创置业有限公司,,,,,,,,,,,,,,2015年5月6日,2018年5月6日
2166,中低价位、中小套型普通商品住房用地,连云港市,灌南县,县第一人民医院东侧地块二,县第一人民医院东侧,中低价位、中小套型普通商品住房用地70年，批发零售用地40年,挂牌,7747.08,,2015,2015年2月,2015年2月6日,5.869,58690,3,176070,灌南嘉隆房地产开发有限公司,,,,,,,,,,,,,,2015年5月6日,2018年5月6日
2167,中低价位、中小套型普通商品住房用地,连云港市,灌南县,县第一人民医院东侧地块一,县第一人民医院东侧,70,挂牌,7997.76,,2015,2015年2月,2015年2月6日,6.6648,66648,3,199944,灌南县华泰房地产开发有限公司,,,,,,,,,,,,,,2015年5月6日,2018年5月6日
2170,中低价位、中小套型普通商品住房用地,连云港市,灌南县,沂河路南侧地块,沂河路南侧,中低价位、中小套型普通商品住房用地70年，批发零售用地40年,挂牌,4354.875,,2015,2015年2月,2015年2月6日,4.1475,41475,2,82950,连云港市中科房地产开发有限公司,,,,,,,,,,,,,,2015年5月6日,2018年5月6日
2178,中低价位、中小套型普通商品住房用地,连云港市,灌南县,一品嘉苑东侧地块,鹏程西侧南侧,70,挂牌,933.57,,2015,2015年1月,2015年1月29日,0.943,9430,1.8,16974,连云港龙海置业有限公司,,,,,,,,,,,,,,2015年4月29日,2018年4月29日
2191,中低价位、中小套型普通商品住房用地,连云港市,灌南县,乔庄小学地块二,鹏程西路北侧,批发零售用地40年，中低价位、中小套型普通商品住房用地70年,挂牌,216.405,,2015,2015年1月,2015年1月28日,0.1374,1374,3,4122,灌南县华泰房地产开发有限公司,,,,,,,,,,,,,,2015年4月28日,2018年4月28日
2193,其他普通商品住房用地,连云港市,连云区,连云港光伸置业有限公司,开发区龙桥路西、银珠路北,70,挂牌,6100,,2015,2015年1月,2015年1月21日,5.0811,50811,2,101622,连云港光伸置业有限公司,,,,,,,,,,,,,,2016年5月3日,2019年5月3日
2195,其他普通商品住房用地,连云港市,赣榆区,连云港舜佳置业有限公司,怀仁路与金海路交叉口东南角,70,挂牌,8500,,2015,2015年1月,2015年1月16日,5.3417,53417,2.2,117517.4,连云港舜佳置业有限公司,,,,,,,,,,,,,,2016年5月6日,2019年4月6日
2197,其他普通商品住房用地,连云港市,赣榆区,连云港凯港实业发展有限公司,柘汪新城区,70,挂牌,3500,,2015,2015年1月,2015年1月16日,3.8952,38952,2,77904,连云港凯港实业发展有限公司,,,,,,,,,,,,,,2016年5月6日,2019年4月6日
2199,其他普通商品住房用地,连云港市,赣榆区,连云港凯港实业发展有限公司,柘汪新城区,70,挂牌,3750,,2015,2015年1月,2015年1月16日,5.0461,50461,2,100922,连云港凯港实业发展有限公司,,,,,,,,,,,,,,2016年5月6日,2019年4月6日
2200,其他普通商品住房用地,连云港市,赣榆区,连云港凯港实业发展有限公司,柘汪镇新城区,70,挂牌,2550,,2015,2015年1月,2015年1月16日,3.3889,33889,2,67778,连云港凯港实业发展有限公司,,,,,,,,,,,,,,2016年5月6日,2019年4月6日
2201,其他普通商品住房用地,连云港市,赣榆区,连云港凯港实业发展有限公司,柘汪镇新城区,70,挂牌,2100,,2015,2015年1月,2015年1月16日,2.7597,27597,2,55194,连云港凯港实业发展有限公司,,,,,,,,,,,,,,2016年5月6日,2019年4月6日
2202,其他普通商品住房用地,连云港市,赣榆区,连云港凯港实业发展有限公司,柘汪新城区,70,挂牌,950,,2015,2015年1月,2015年1月16日,0.9679,9679,2,19358,连云港凯港实业发展有限公司,,,,,,,,,,,,,,2016年5月6日,2019年4月6日
2203,其他普通商品住房用地,连云港市,赣榆区,连云港美圣房地产开发有限公司,班庄镇原凤凰大道南侧、美食街西侧,70,挂牌,590,,2015,2015年1月,2015年1月16日,0.7865,7865,2.8,22022,连云港美圣房地产开发有限公司,,,,,,,,,,,,,,2016年5月6日,2019年4月6日
