编号,用途,省市,区县,宗地名称,宗地位置,出让年限,交易方式,起始价（万元）,成交价(万元),溢价率,成交年份,成交年月,成交时间,出让面积,容积率,建筑面积（平方米）,受让单位,母公司,所属集团公司,建设单位,设计单位,施工单位,监理单位,开工时间,建设用地规划许可证,建设工程规划许可证,竣工时间,全装修要求,装配式建筑比例（%）,单体预制率,约定开工时间,约定竣工时间
17,城镇住宅用地,泰州市,泰兴市,泰兴市新源农产品加工投资发展有限公司,农产品加工园区芮丰路西侧地块,70,挂牌出让,,1930,,2020,2020年5月,2020年5月22日,32096,1.3,41724.8,泰兴市新源农产品加工投资发展有限公司,,,,,,,,,,,,,,2021年11月22日,2024年5月22日
63,城镇住宅用地,泰州市,泰兴市,谢宗锦,泰兴市良种场,70,协议出让,,27.55,,2020,2020年4月,2020年4月22日,103.2,2.5,258,谢宗锦,,,,,,,,,,,,,,2020年10月16日,2020年10月16日
76,城镇住宅用地,泰州市,靖江市,居住（靖江市城投基础设施发展有限公司）,骥江西路北侧，陆三港东侧,70,挂牌出让,,6400,,2020,2020年4月,2020年4月14日,12094,1.6,19350.4,靖江市城投基础设施发展有限公司,,,,,,,,,,,,,,2022年9月30日,2024年9月30日
78,城镇住宅用地,泰州市,靖江市,商住（靖江华东城市建设有限公司）,北二环路北侧，渔婆北路西侧，新二路南侧,70,挂牌出让,,10700,,2020,2020年4月,2020年4月14日,54232,1.8,97617.6,靖江华东城市建设有限公司,,,,,,,,,,,,,,2022年9月30日,2024年9月30日
79,城镇住宅用地,泰州市,靖江市,居住（靖江华东城市建设有限公司）,北二环路北侧，渔婆北路西侧，新二路南侧,70,挂牌出让,,11870,,2020,2020年4月,2020年4月14日,64882,1.8,116787.6,靖江华东城市建设有限公司,,,,,,,,,,,,,,2022年9月30日,2024年9月30日
80,城镇住宅用地,泰州市,靖江市,商住（江苏景龙园现代农业投资开发有限公司）,阳光大道南侧，生态路北侧,70,挂牌出让,,18560,,2020,2020年4月,2020年4月14日,65144,2,130288,江苏景龙园现代农业投资开发有限公司,,,,,,,,,,,,,,2022年9月30日,2024年9月30日
103,城镇住宅用地,泰州市,泰州市本级,海陵区南通路南侧、老东河西侧地块,海陵区南通路南侧、老东河西侧,70,挂牌出让,,35700,,2020,2020年3月,2020年3月13日,29819,1.7,50692.3,盐城国投欧亚实业有限公司,,,,,,,,,,,,,,2021年1月16日,2024年1月16日
104,城镇住宅用地,泰州市,兴化市,兴化市城市建设投资有限公司,兴化市张郭镇纬二路北侧,70,挂牌出让,,10050,,2020,2020年3月,2020年3月13日,43784.9,2.2,96326.78,兴化市城市建设投资有限公司,,,,,,,,,,,,,,2020年11月26日,2023年5月26日
105,城镇住宅用地,泰州市,兴化市,兴化市城市建设投资有限公司,兴化市张郭镇纬二路北侧,70,挂牌出让,,8160,,2020,2020年3月,2020年3月13日,35478.1,2.2,78051.82,兴化市城市建设投资有限公司,,,,,,,,,,,,,,2020年11月28日,2023年5月28日
106,城镇住宅用地,泰州市,兴化市,兴化市城市建设投资有限公司,兴化市张郭镇纬二路北侧,70,挂牌出让,,6270,,2020,2020年3月,2020年3月13日,27131.7,2.2,59689.74,兴化市城市建设投资有限公司,,,,,,,,,,,,,,2020年11月28日,2023年5月28日
107,城镇住宅用地,泰州市,泰州市本级,环溪花园（保障性安置房）,高港区刁铺街道关桥社区、通太社区,,划拨,,,,2020,2020年3月,2020年3月13日,175949,2.29,402923.21,泰州引江城市开发建设有限公司,,,,,,,,,,,,,,2020年3月31日,2022年9月30日
109,城镇住宅用地,泰州市,兴化市,泰州和润置业有限公司,兴化市安丰镇新北郊村S229公路西侧。,70,挂牌出让,,1900,,2020,2020年3月,2020年3月10日,9332.7,1.62,15118.974,泰州和润置业有限公司,,,,,,,,,,,,,,2020年11月26日,2022年11月26日
128,城镇住宅用地,泰州市,泰州市本级,海陵区南通路南侧、老东河东侧地块,海陵区南通路南侧、老东河东侧,40年，70年,挂牌出让,,106500,,2020,2020年3月,2020年3月2日,99056,1.64,162451.84,中海宏洋地产集团有限公司,,,,,,,,,,,,,,2021年1月16日,2024年1月16日
168,城镇住宅用地,泰州市,兴化市,兴化市城市建设投资有限公司,兴临路西侧、南亭路北侧,70,挂牌出让,,11343,,2020,2020年2月,2020年2月7日,37169.6,2.2,81773.12,兴化市城市建设投资有限公司,,,,,,,,,,,,,,2020年10月17日,2022年8月17日
170,城镇住宅用地,泰州市,兴化市,江苏康隆置业有限公司,春江花园北侧、文林南路东侧,70,挂牌出让,,17547,,2020,2020年2月,2020年2月5日,55332.2,2,110664.4,江苏康桥置业有限公司,,,,,,,,,,,,,,2020年10月15日,2023年4月15日
180,城镇住宅用地,泰州市,姜堰市,南京盛置业有限公司,姜堰区长江路北侧、幸福路西侧,70,挂牌出让,,60099,,2020,2020年1月,2020年1月20日,69997,1.8,125994.6,南京盛置业有限公司,,,,,,,,,,,,,,2020年12月27日,2023年12月27日
194,城镇住宅用地,泰州市,泰州市本级,海陵区济川东路北侧、春晖路东侧地块,海陵区济川东路北侧、春晖路东侧,70,挂牌出让,,73900,,2020,2020年1月,2020年1月15日,52800,1.74,91872,泰州市乾晖房地产开发有限公司,,,,,,,,,,,,,,2020年12月26日,2023年12月26日
210,城镇住宅用地,泰州市,靖江市,商住（宇诚集团股份有限公司）,江阴园区联沁路西侧，七圩港东侧,70,挂牌出让,,23600,,2020,2020年1月,2020年1月8日,62021,1.8,111637.8,宇诚集团股份有限公司,,,,,,,,,,,,,,2021年12月30日,2023年12月30日
211,城镇住宅用地,泰州市,靖江市,商住（宇诚集团股份有限公司）,江阴园区联沁路西侧，沿江高等级公路南侧,70,挂牌出让,,16450,,2020,2020年1月,2020年1月8日,36142,1.8,65055.6,宇诚集团股份有限公司,,,,,,,,,,,,,,2021年12月30日,2023年12月30日
213,城镇住宅用地,泰州市,泰州市本级,泰州经济开发区天虹路东侧、规划鲍中路南侧地块,泰州经济开发区天虹路东侧、规划鲍中路南侧,40年，70年,挂牌出让,,47000,,2020,2020年1月,2020年1月6日,57289,1.45,83069.05,芜湖宇润实业有限公司,,,,,,,,,,,,,,2020年12月19日,2023年12月19日
220,城镇住宅用地,泰州市,靖江市,商住（信华建设）,新桥镇富江路东侧，振新路南侧,70,挂牌出让,,6135,,2020,2020年1月,2020年1月3日,38585,1.6,61736,靖江市信华建设有限公司,,,,,,,,,,,,,,2022年5月15日,2024年5月15日
230,城镇住宅用地,泰州市,泰州市本级,泰州经济开发区天虹路东侧、永定快速路北侧地块,泰州经济开发区天虹路东侧、永定快速路北侧,70,挂牌出让,,38100,,2019,2019年12,2019年12月30日,43697,2,87394,泰州市申和房地产开发有限公司,,,,,,,,,,,,,,2020年12月19日,2023年12月19日
233,城镇住宅用地,泰州市,靖江市,商住（龙信置业）,滨江新城文兴路东侧，阳光大道南侧,70,挂牌出让,,69800,,2019,2019年12,2019年12月27日,64507,1.8,116112.6,江苏龙信置业有限公司,,,,,,,,,,,,,,2022年3月15日,2024年3月15日
238,城镇住宅用地,泰州市,姜堰市,泰州市鸿庆商贸有限公司,姜堰区陈庄东路南侧、南京路两侧,70,挂牌出让,,80947,,2019,2019年12,2019年12月26日,149295,2.1,313519.5,泰州市鸿庆商贸有限公司,,,,,,,,,,,,,,2021年2月5日,2024年2月5日
244,城镇住宅用地,泰州市,兴化市,江苏鑫盈置业有限公司,兴化市大垛镇镇区安康路东侧,70,挂牌出让,,1590,,2019,2019年12,2019年12月20日,11735.5,1.6,18776.8,江苏鑫盈置业有限公司,,,,,,,,,,,,,,2020年9月3日,2022年3月3日
287,城镇住宅用地,泰州市,兴化市,江苏银海置业有限公司,兴化市戴南镇迎宾大道东侧，汽车站南侧。,70,挂牌出让,,12480,,2019,2019年12,2019年12月13日,39168.5,1.8,70503.3,江苏银海置业有限公司,,,,,,,,,,,,,,2020年8月26日,2022年8月26日
288,城镇住宅用地,泰州市,兴化市,兴化市城市建设投资有限公司,城区花园路北侧、文林路东侧,70,挂牌出让,,12028,,2019,2019年12,2019年12月12日,35799,2.4,85917.6,兴化市城市建设投资有限公司,,,,,,,,,,,,,,2020年8月28日,2022年6月28日
289,城镇住宅用地,泰州市,兴化市,泰州市长九房地产开发有限公司,城区英武路西侧、城南路北侧,70,挂牌出让,,26028,,2019,2019年12,2019年12月12日,35852,1.8,64533.6,泰州市长九房地产开发有限公司,,,,,,,,,,,,,,2020年8月28日,2022年8月28日
309,城镇住宅用地,泰州市,兴化市,兴化市城市建设投资有限公司,城区野行大桥东接线北侧、花园人家东支路东侧,70,挂牌出让,,7016,,2019,2019年12,2019年12月12日,32476,1.5,48714,兴化市城市建设投资有限公司,,,,,,,,,,,,,,2020年8月28日,2022年2月28日
311,城镇住宅用地,泰州市,泰州市本级,泰州医药高新区海陵南路西侧、规划海军南路南侧地块,泰州医药高新区海陵南路西侧、规划海军南路南侧,70年，40年,挂牌出让,,90400,,2019,2019年12,2019年12月10日,73585,2.3,169245.5,盐城盈壹房地产开发有限公司,,,,,,,,,,,,,,2020年11月21日,2023年11月21日
312,城镇住宅用地,泰州市,泰州市本级,泰州医药高新区海陵南路西侧、海军大道南侧地块,泰州医药高新区海陵南路西侧、海军大道南侧,70,挂牌出让,,75300,,2019,2019年12,2019年12月10日,53700,2.7,144990,港(上海)置业有限公司,,,,,,,,,,,,,,2020年11月21日,2023年11月21日
345,城镇住宅用地,泰州市,兴化市,永丰保障房,戴南镇永丰村,,划拨,,0,,2019,2019年12,2019年12月3日,16479.8,0,0,兴化市东南城市建设投资有限公司,,,,,,,,,,,,,,2020年11月20日,2022年11月20日
346,城镇住宅用地,泰州市,兴化市,团结花园保障房,戴南镇团结路南侧、兴姜河西侧,,划拨,,0,,2019,2019年12,2019年12月3日,17679.4,0,0,兴化市东南城市建设投资有限公司,,,,,,,,,,,,,,2020年11月20日,2022年11月20日
356,城镇住宅用地,泰州市,泰兴市,鼎顺置业（泰州）有限公司,农产品园区芮丰路西侧、新竹路南侧,70,挂牌出让,,2488,,2019,2019年11,2019年11月29日,33801,1.4,47321.4,鼎顺置业（泰州）有限公司,,,,,,,,,,,,,,2021年5月29日,2023年11月29日
366,城镇住宅用地,泰州市,兴化市,垛田张庄保障房,兴化市垛田街道张庄村,,划拨,,0,,2019,2019年11,2019年11月25日,22877,0,0,兴化市住房和城乡建设局,,,,,,,,,,,,,,2020年4月13日,2022年4月13日
387,城镇住宅用地,泰州市,兴化市,城北村农民集中居住二期,兴化市昭阳街道北过境公路南、兴西路西,,划拨,,0,,2019,2019年11,2019年11月19日,19575.8,0,0,兴化市昭阳街道办事处,,,,,,,,,,,,,,2020年4月19日,2022年4月19日
417,城镇住宅用地,泰州市,兴化市,兴化市城市建设投资有限公司,兴化市疏港大道南侧、申严路东侧,70,挂牌出让,,21600,,2019,2019年11,2019年11月5日,58582.9,2.2,128882.38,兴化市城市建设投资有限公司,,,,,,,,,,,,,,2020年7月23日,2023年1月23日
421,城镇住宅用地,泰州市,靖江市,商住（城乡建设）,兴业路东侧，莲沁苑南侧，天伦新区路北侧,70,挂牌出让,,17200,,2019,2019年11,2019年11月1日,51614,2,103228,靖江市城乡建设有限公司,,,,,,,,,,,,,,2022年3月25日,2024年3月25日
422,城镇住宅用地,泰州市,靖江市,商住（龙信）,姜八路东侧，天伦南侧，苏源热电路北侧,70,挂牌出让,,15100,,2019,2019年11,2019年11月1日,43235,1.4,60529,龙信房地产（靖江）有限公司,,,,,,,,,,,,,,2022年10月21日,2025年10月21日
423,城镇住宅用地,泰州市,靖江市,商住（龙信）,人民南路西侧，天伦南侧，苏源热电路北侧,70,挂牌出让,,6400,,2019,2019年11,2019年11月1日,30448,1.4,42627.2,龙信房地产（靖江）有限公司,,,,,,,,,,,,,,2022年10月21日,2025年10月21日
424,城镇住宅用地,泰州市,靖江市,居住（华宇投资）,星港路西侧，公兴河北侧,70,挂牌出让,,6150,,2019,2019年11,2019年11月1日,27314,2,54628,靖江市华宇投资建设有限公司,,,,,,,,,,,,,,2022年3月25日,2024年3月25日
457,城镇住宅用地,泰州市,靖江市,商住（郑州翰园置业）,火炬路西侧，公所桥路北侧，公新公路南侧,70,挂牌出让,,21425,,2019,2019年10,2019年10月25日,33659,1.8,60586.2,郑州翰园置业有限公司,,,,,,,,,,,,,,2021年12月25日,2023年12月25日
495,城镇住宅用地,泰州市,泰州市本级,泰州医药高新区春兰南路西侧、兴塘路北侧,泰州医药高新区春兰南路西侧、兴塘路北侧,40年，70年,挂牌出让,,84300,,2019,2019年10,2019年10月12日,86432,1.6,138291.2,泰州市鑫运置业有限公司,,,,,,,,,,,,,,2020年9月12日,2023年9月12日
496,城镇住宅用地,泰州市,泰州市本级,泰州医药高新区永定路南侧、春兰南路西侧地块,泰州医药高新区永定路南侧、春兰南路西侧,70,挂牌出让,,112100,,2019,2019年10,2019年10月12日,90609,2,181218,泰州市鑫运置业有限公司,,,,,,,,,,,,,,2020年9月12日,2023年9月12日
513,城镇住宅用地,泰州市,泰州市本级,海陵区迎春东路北侧、泰和路东侧地块,海陵区迎春东路北侧、泰和路东侧,40年，70年,挂牌出让,,88900,,2019,2019年10,2019年10月9日,84089,2.3,193404.7,新晖建筑园艺有限公司,,,,,,,,,,,,,,2020年9月12日,2023年9月12日
527,城镇住宅用地,泰州市,泰兴市,泰州汇捷置业有限公司,虹桥镇虹盛路北侧,70,挂牌出让,,3258,,2019,2019年9月,2019年9月25日,13353,2,26706,泰州汇捷置业有限公司,,,,,,,,,,,,,,2021年3月25日,2023年9月25日
555,城镇住宅用地,泰州市,兴化市,兴化玉荣房地产开发有限公司,S333（董家村段）南、开创路西,50年，70年,挂牌出让,,6966,,2019,2019年9月,2019年9月10日,34033.4,2.1,71470.14,兴化玉荣房地产开发有限公司,,,,,,,,,,,,,,2020年5月27日,2021年7月27日
556,城镇住宅用地,泰州市,兴化市,兴化玉荣房地产开发有限公司,城南路北侧、开源村安置房一期西侧,70,挂牌出让,,3277,,2019,2019年9月,2019年9月10日,17630,1.4,24682,兴化玉荣房地产开发有限公司,,,,,,,,,,,,,,2020年5月27日,2021年7月27日
557,城镇住宅用地,泰州市,兴化市,兴化市天德置业有限公司,兴化市安丰镇新北郊村,70,挂牌出让,,3950,,2019,2019年9月,2019年9月10日,11046.5,1.85,20436.025,兴化市天德置业有限公司,,,,,,,,,,,,,,2020年5月27日,2022年5月27日
566,城镇住宅用地,泰州市,兴化市,兴化市融汇置业有限公司,城区长安南路东侧、城南路南侧,70,挂牌出让,,48784,,2019,2019年9月,2019年9月9日,57826.2,2.1,121435.02,兴化市融汇置业有限公司,,,,,,,,,,,,,,2020年5月20日,2022年11月20日
568,城镇住宅用地,泰州市,泰州市本级,高港区口岸镇人民路15-1号地块划拨转出让,高港区口岸镇人民路15-1号,70,协议出让,,2.76,,2019,2019年9月,2019年9月6日,31.4,1,31.4,李撞兰,,,,,,,,,,,,,,2019年9月25日,2019年12月25日
574,城镇住宅用地,泰州市,泰兴市,江苏恒富地产有限公司,黄桥镇金溪路东侧、河滨路南侧,70,挂牌出让,,17128,,2019,2019年8月,2019年8月30日,64509,2.2,141919.8,江苏恒富地产有限公司,,,,,,,,,,,,,,2021年2月28日,2023年8月30日
575,城镇住宅用地,泰州市,泰兴市,泰兴市民生建设投资集团有限公司,澄江路南侧、文江路东侧,70,挂牌出让,,15488,,2019,2019年8月,2019年8月30日,25092,2,50184,泰兴市民生建设投资集团有限公司,,,,,,,,,,,,,,2021年2月28日,2023年8月30日
582,城镇住宅用地,泰州市,泰州市本级,高港区口岸街道通河路16号地块划拨转出让,高港区口岸街道通河路16号,70,协议出让,,12.13,,2019,2019年8月,2019年8月26日,57.7,2.77,159.829,夏华英,,,,,,,,,,,,,,2019年9月16日,2019年12月16日
587,城镇住宅用地,泰州市,兴化市,兴化市城市建设投资有限公司,荡南路北、兴姜河东路西侧,70,挂牌出让,,20481,,2019,2019年8月,2019年8月19日,59416.7,2.2,130716.74,兴化市城市建设投资有限公司,,,,,,,,,,,,,,2020年5月1日,2022年11月1日
615,城镇住宅用地,泰州市,泰州市本级,高港区口岸镇龙窝北路156-36号地块划拨转出让,高港区口岸镇龙窝北路156-36号,70,协议出让,,17.89,,2019,2019年8月,2019年8月6日,118.21,1.56,184.4076,陈建国,,,,,,,,,,,,,,2019年8月18日,2019年9月16日
629,城镇住宅用地,泰州市,泰兴市,江苏凯坤置业有限公司,虹桥镇品江路西侧、四桥港南侧地块,70,挂牌出让,,6718,,2019,2019年7月,2019年7月18日,43108,2,86216,江苏凯坤置业有限公司,,,,,,,,,,,,,,2021年1月18日,2023年7月18日
680,城镇住宅用地,泰州市,姜堰市,江苏凰腾置业有限公司,姜堰区海姜大道南侧、许陆河东侧,70,挂牌出让,,21331,,2019,2019年6月,2019年6月14日,141500,2.2,311300,江苏凰腾置业有限公司,,,,,,,,,,,,,,2020年5月30日,2023年5月30日
685,城镇住宅用地,泰州市,泰兴市,石小荣,古溪镇西雁岭供销社地块,70,挂牌出让,,18.5,,2019,2019年6月,2019年6月14日,202,1.7,343.4,石小荣,,,,,,,,,,,,,,2020年12月14日,2023年6月14日
706,城镇住宅用地,泰州市,泰州市本级,泰州医药高新区会展路东侧、仲野路南侧地块,泰州医药高新区会展路东侧、仲野路南侧,70,挂牌出让,,14700,,2019,2019年6月,2019年6月11日,19412,1.7,33000.4,大华泰州投资发展有限公司,,,,,,,,,,,,,,2020年5月30日,2023年5月30日
707,城镇住宅用地,泰州市,泰州市本级,海陵区兴泰公路东侧、林湖郡小区北侧地块,海陵区兴泰公路东侧、林湖郡小区北侧,70,挂牌出让,,65400,,2019,2019年6月,2019年6月11日,169195,1.2,203034,盐城碧桂园房地产开发有限公司,,,,,,,,,,,,,,2020年5月30日,2023年5月30日
712,城镇住宅用地,泰州市,泰州市本级,泰州医药高新区仲野路南侧、海陵路西侧地块,泰州医药高新区仲野路南侧、海陵路西侧,70年，40年,挂牌出让,,53100,,2019,2019年6月,2019年6月6日,65751,1.8,118351.8,泰州华盛投资开发有限公司,,,,,,,,,,,,,,2020年5月30日,2023年5月30日
792,城镇住宅用地,泰州市,海陵区,海陵区南园新村7-2号地块划拨转出让,海陵区南园新村7-2号,70,协议出让,,45.1627,,2019,2019年5月,2019年5月5日,126.4,1.73,218.672,赵杰,,,,,,,,,,,,,,2019年5月10日,2019年5月20日
795,城镇住宅用地,泰州市,泰兴市,泰兴市泰通投资发展有限公司,阳江路（宁通高速）北侧,70,挂牌出让,,26385,,2019,2019年4月,2019年4月30日,35114,4,140456,泰兴市泰通投资发展有限公司,,,,,,,,,,,,,,2020年10月30日,2022年4月30日
803,城镇住宅用地,泰州市,泰兴市,南京华拓房地产开发有限公司,市区根思路北侧、镇海路西侧,70,挂牌出让,,47598,,2019,2019年4月,2019年4月26日,67322,2.2,148108.4,南京华拓房地产开发有限公司,,,,,,,,,,,,,,2020年10月24日,2023年4月26日
808,城镇住宅用地,泰州市,海陵区,海陵区九龙镇振兴路南侧、龙园南路两侧,泰州市海陵区九龙镇振兴路南侧、龙园南路两侧,40年，70年,挂牌出让,,14400,,2019,2019年4月,2019年4月23日,40366,2.71,109391.86,泰州广城房地产开发有限公司,,,,,,,,,,,,,,2020年4月11日,2023年4月11日
809,城镇住宅用地,泰州市,海陵区,海陵区森园路南侧、京泰路西侧地块,泰州市海陵区森园路南侧、京泰路西侧,40年，50年，40年，70年,挂牌出让,,48500,,2019,2019年4月,2019年4月23日,64355,1.6,102968,泰州市鑫通置业有限公司,,,,,,,,,,,,,,2020年4月11日,2023年4月11日
836,城镇住宅用地,泰州市,姜堰市,朱培勇商住项目,姜堰区张甸镇迎宾大道西侧、迎宾花园北侧,70,挂牌出让,,799,,2019,2019年3月,2019年3月18日,7094,1.4,9931.6,朱培勇,,,,,,,,,,,,,,2020年2月27日,2023年2月27日
839,城镇住宅用地,泰州市,泰兴市,泰州玉鸿投资发展有限公司,城区工业园区根思路北侧,70,挂牌出让,,4308,,2019,2019年3月,2019年3月15日,10683,2.2,23502.6,泰州玉鸿投资发展有限公司,,,,,,,,,,,,,,2019年9月15日,2022年9月15日
854,城镇住宅用地,泰州市,靖江市,商住（鸿翔房地产）,望江路南侧，城东大道东侧，文兴路西侧，渡江路北侧,70年，40年,挂牌出让,,39800,,2019,2019年3月,2019年3月12日,73286,1.8,131914.8,鸿翔房地产有限公司,,,,,,,,,,,,,,2021年8月26日,2023年8月26日
876,城镇住宅用地,泰州市,高港区,高港区口岸街道通河路3号,泰州市高港区口岸街道通河路3号,70,协议出让,,21.33,,2019,2019年3月,2019年3月7日,100,2.86,286,薛志海,,,,,,,,,,,,,,2019年3月14日,2019年6月14日
886,城镇住宅用地,泰州市,靖江市,商住（华东城建）,北二环路南侧，姜八公路西侧，经二路东侧,70,挂牌出让,,15800,,2019,2019年3月,2019年3月1日,40496,2,80992,靖江华东城市建设有限公司,,,,,,,,,,,,,,2021年3月16日,2023年3月16日
887,城镇住宅用地,泰州市,靖江市,商住（华东城建）,纬六路北侧，姜八公路西侧，经二路东侧,70,挂牌出让,,17900,,2019,2019年3月,2019年3月1日,45794,2,91588,靖江华东城市建设有限公司,,,,,,,,,,,,,,2021年3月16日,2023年3月16日
888,城镇住宅用地,泰州市,靖江市,商住（龙信置业）,中洲路北侧，文兴路东侧，江阳路南侧，站前路西侧,70年，40年,挂牌出让,,68300,,2019,2019年3月,2019年3月1日,77137,1.8,138846.6,江苏龙信置业有限公司,,,,,,,,,,,,,,2021年8月15日,2023年8月15日
889,城镇住宅用地,泰州市,靖江市,居住（华圣房地产）,渡江路东侧，长阳路北侧,70,挂牌出让,,15500,,2019,2019年3月,2019年3月1日,29579,1.8,53242.2,靖江市华圣房地产开发有限公司,,,,,,,,,,,,,,2021年8月16日,2023年8月16日
894,城镇住宅用地,泰州市,姜堰市,江苏通姜置业有限公司,姜堰区姜堰大道南侧、陵园路东侧,70,挂牌出让,,39785,,2019,2019年3月,2019年3月1日,63038,1.8,113468.4,江苏通姜置业有限公司,,,,,,,,,,,,,,2020年1月30日,2023年1月30日
916,城镇住宅用地,泰州市,姜堰市,泰州乾韵房地产开发有限公司,姜堰区振兴路东侧、古田路北侧,70年，40年,挂牌出让,,40660,,2019,2019年2月,2019年2月14日,59567,1.9,113177.3,泰州乾韵房地产开发有限公司,,,,,,,,,,,,,,2020年1月27日,2023年1月27日
919,城镇住宅用地,泰州市,兴化市,江苏新杰发置业有限公司,兴化市海南镇文昌路南侧、兴海路西侧,70,挂牌出让,,2556,,2019,2019年2月,2019年2月12日,19931.3,1.9,37869.47,江苏新杰发置业有限公司,,,,,,,,,,,,,,2020年2月22日,2022年2月22日
941,城镇住宅用地,泰州市,兴化市,兴化市隆和置业有限公司,城区兴姜河东路西侧、小戚路两侧,70,挂牌出让,,10028,,2019,2019年1月,2019年1月22日,51981,2.4,124754.4,兴化市隆和置业有限公司,,,,,,,,,,,,,,2019年8月30日,2021年8月30日
949,城镇住宅用地,泰州市,泰兴市,江苏恒建投资有限公司,根思乡根东中沟西侧,70,挂牌出让,,198,,2019,2019年1月,2019年1月21日,2139,1.8,3850.2,江苏恒建投资有限公司,,,,,,,,,,,,,,2020年7月21日,2023年1月21日
966,城镇住宅用地,泰州市,泰兴市,泰兴市顺天置业有限公司,宣堡镇宣孔公路西侧、生态路北侧,70,挂牌出让,,1780,,2019,2019年1月,2019年1月10日,20648,1.5,30972,泰兴市顺天置业有限公司,,,,,,,,,,,,,,2020年7月10日,2023年1月10日
977,城镇住宅用地,泰州市,姜堰市,江苏明天置业有限公司,姜堰区上海路西侧、罗塘西路北侧,70,挂牌出让,,4486,,2019,2019年1月,2019年1月9日,12422,1.3,16148.6,江苏明天置业有限公司,,,,,,,,,,,,,,2019年12月31日,2022年12月31日
1010,其他普通商品住房用地,泰州市,海陵区,海陵区海阳东路北侧、东风北路西侧,海陵区海阳东路北侧、东风北路西侧,70,挂牌出让,,129938,,2018,2018年12,2018年12月28日,122390,1.8,220302,上海鹏烨企业管理有限公司,,,,,,,,,,,,,,2019年12月13日,2022年12月13日
1011,其他普通商品住房用地,泰州市,泰州市本级,泰州医药高新区口泰路东侧约100米、鸭子河南侧,泰州医药高新区口泰路东侧约100米、鸭子河南侧,70,挂牌出让,,58000,,2018,2018年12,2018年12月28日,74777,1.93,144319.61,江苏华联东方置业有限公司,,,,,,,,,,,,,,2019年12月13日,2022年12月13日
1012,其他普通商品住房用地,泰州市,海陵区,泰州经济开发区江州南路东侧、规划鲍中路北侧,泰州经济开发区江州南路东侧、规划鲍中路北侧,70,挂牌出让,,57400,,2018,2018年12,2018年12月28日,52817,1.5,79225.5,泰州恒泰置业有限公司泰州市金晟置业有限公司,,,,,,,,,,,,,,2019年12月13日,2021年12月13日
1013,其他普通商品住房用地,泰州市,海陵区,农业开发区秋雪湖大道东侧、芝田路南侧,农业开发区秋雪湖大道东侧、芝田路南侧,70,挂牌出让,,11600,,2018,2018年12,2018年12月28日,24334,1.7,41367.8,泰州花博园房地产开发有限公司,,,,,,,,,,,,,,2019年12月13日,2021年12月13日
1035,经济适用住房用地,泰州市,兴化市,东南村安置房,陈堡镇东南村,,划拨,,0,,2018,2018年12,2018年12月24日,15377.5,1.8,27679.5,兴化市陈堡镇人民政府,,,,,,,,,,,,,,2019年12月14日,2020年12月14日
1037,经济适用住房用地,泰州市,兴化市,周家村安置房,张郭镇周家村,,划拨,,0,,2018,2018年12,2018年12月24日,9649.6,1.8,17369.28,兴化市张郭镇人民政府,,,,,,,,,,,,,,2019年12月14日,2020年12月14日
1038,经济适用住房用地,泰州市,兴化市,城堡村安置房,昭阳街道办事处城堡村,,划拨,,0,,2018,2018年12,2018年12月24日,31018,1.8,55832.4,兴化市人民政府昭阳街道办事处,,,,,,,,,,,,,,2019年12月14日,2020年12月14日
1039,经济适用住房用地,泰州市,兴化市,姜何村安置房,戴南镇姜何村,,划拨,,0,,2018,2018年12,2018年12月24日,13629.3,1.8,24532.74,兴化市戴南镇人民政府,,,,,,,,,,,,,,2019年12月14日,2020年12月14日
1040,经济适用住房用地,泰州市,兴化市,安置房,戴南镇人民西路南,,划拨,,0,,2018,2018年12,2018年12月24日,27523.9,1.8,49543.02,兴化市戴南镇人民政府,,,,,,,,,,,,,,2019年12月14日,2020年12月14日
1041,经济适用住房用地,泰州市,兴化市,戴泽村安置房,戴南镇戴泽村纬五路南,,划拨,,0,,2018,2018年12,2018年12月24日,75785,1.8,136413,兴化市戴南镇人民政府,,,,,,,,,,,,,,2019年12月14日,2020年12月14日
1042,经济适用住房用地,泰州市,兴化市,赵万村安置房,张郭镇赵万村文昌路两侧,,划拨,,0,,2018,2018年12,2018年12月24日,9071.7,1.8,16329.06,兴化市张郭镇人民政府,,,,,,,,,,,,,,2019年12月14日,2020年12月14日
1043,经济适用住房用地,泰州市,兴化市,赵万村安置房,张郭镇赵万村,,划拨,,0,,2018,2018年12,2018年12月24日,8752.3,1.8,15754.14,兴化市张郭镇人民政府,,,,,,,,,,,,,,2019年12月14日,2020年12月14日
1044,经济适用住房用地,泰州市,兴化市,安置房,永丰镇徐杨村春晖路北、丰韵路西,,划拨,,0,,2018,2018年12,2018年12月24日,27841.1,1.8,50113.98,兴化市永丰镇人民政府,,,,,,,,,,,,,,2019年12月14日,2020年12月14日
1066,经济适用住房用地,泰州市,兴化市,安置房,昭阳街道办事处严家村、阳山村,,划拨,,0,,2018,2018年12,2018年12月24日,18696,1.8,33652.8,兴化市人民政府昭阳街道办事处,,,,,,,,,,,,,,2019年12月14日,2020年12月14日
1080,中低价位、中小套型普通商品住房用地,泰州市,靖江市,居住（城中村投资建设有限公司）,城西大道西侧,70,挂牌出让,,1838,,2018,2018年12,2018年12月21日,8168,1.2,9801.6,靖江市城中村投资建设有限公司,,,,,,,,,,,,,,2020年12月15日,2022年12月15日
1084,其他普通商品住房用地,泰州市,泰兴市,江苏凯坤置业有限公司,虹桥镇长虹路东侧、虹福路南侧,70,挂牌出让,,7950,,2018,2018年12,2018年12月20日,52340,2,104680,江苏凯坤置业有限公司,,,,,,,,,,,,,,2019年12月20日,2022年6月20日
1086,其他普通商品住房用地,泰州市,泰兴市,泰兴市襟江投资有限公司,滨江镇瑞祥路东侧、文化东路北侧,70,挂牌出让,,10050,,2018,2018年12,2018年12月20日,58833,3,176499,泰兴市襟江投资有限公司,,,,,,,,,,,,,,2020年6月20日,2022年12月20日
1091,其他普通商品住房用地,泰州市,泰兴市,泰兴市房地产综合开发有限公司,市区银杏路北侧、济川路东侧2号地块,70,挂牌出让,,41288,,2018,2018年12,2018年12月20日,58834,2,117668,泰兴市房地产综合开发有限公司,,,,,,,,,,,,,,2020年2月20日,2022年8月20日
1264,其他普通商品住房用地,泰州市,泰兴市,泰兴市新源农产品加工投资发展有限公司,农产品加工园区粮油东侧、纵四路西侧,70,挂牌出让,,825,,2018,2018年12,2018年12月7日,19052,1.7,32388.4,泰兴市新源农产品加工投资发展有限公司,,,,,,,,,,,,,,2020年6月7日,2022年12月7日
1265,经济适用住房用地,泰州市,兴化市,北樊安置房,张庄路西、将军庙路南,,划拨,,0,,2018,2018年12,2018年12月6日,52160,2.96,154393.6,兴化市投资建设有限公司,,,,,,,,,,,,,,2019年11月22日,2021年11月22日
1274,其他普通商品住房用地,泰州市,靖江市,住宅（银泰房地产）,沿江高等级公路北侧，滨江壹号小区区间道路,59,协议出让,,992,,2018,2018年12,2018年12月5日,2720.3,1,2720.3,靖江市银泰房地产开发有限公司,,,,,,,,,,,,,,2019年11月4日,2020年11月4日
1276,其他普通商品住房用地,泰州市,高港区,高港区港口东路17-1号,高港区港口东路17-1号,70,协议出让,,5.4,,2018,2018年12,2018年12月3日,62.9,1,62.9,段仁香,,,,,,,,,,,,,,2018年12月11日,2019年1月10日
1281,其他普通商品住房用地,泰州市,兴化市,兴化新城亿恒房地产开发有限公司,中和路北侧、文林南路东侧,70,挂牌出让,,20769,,2018,2018年11,2018年11月29日,49425.5,2.2,108736.1,兴化新城亿恒房地产开发有限公司,,,,,,,,,,,,,,2019年6月30日,2022年6月30日
1282,其他普通商品住房用地,泰州市,兴化市,兴化新城亿恒房地产开发有限公司,中和路北侧、文林南路东侧,70,挂牌出让,,23932,,2018,2018年11,2018年11月29日,53074.8,2.6,137994.48,兴化新城亿恒房地产开发有限公司,,,,,,,,,,,,,,2019年6月30日,2022年6月30日
1294,其他普通商品住房用地,泰州市,泰兴市,吕德林,黄桥镇东场村东一塔北新村2幢03室,70,协议出让,,22.53,,2018,2018年11,2018年11月29日,135,3,405,吕德林,,,,,,,,,,,,,,2019年5月15日,2019年5月15日
1295,其他普通商品住房用地,泰州市,泰兴市,周亚民,黄桥镇东场村东一塔北新村2幢04室,70,协议出让,,22.53,,2018,2018年11,2018年11月29日,135,3,405,周亚民,,,,,,,,,,,,,,2019年5月15日,2019年5月15日
1320,其他普通商品住房用地,泰州市,泰兴市,何龙章,泰兴市广陵镇西街,70,协议出让,,60.41,,2018,2018年11,2018年11月27日,878,2,1756,何龙章,,,,,,,,,,,,,,2019年4月12日,2019年4月12日
1322,其他普通商品住房用地,泰州市,兴化市,兴化市凤城河房地产有限公司,长安南路西侧、创业路南侧,70,挂牌出让,,23400,,2018,2018年11,2018年11月27日,42455,2.2,93401,兴化市凤城河房地产有限公司,,,,,,,,,,,,,,2019年8月30日,2022年8月30日
1326,中低价位、中小套型普通商品住房用地,泰州市,靖江市,居住（华鼎投资）,公兴河北侧，星港路西侧,70,挂牌出让,,4200,,2018,2018年11,2018年11月26日,23302,2,46604,靖江市华鼎投资建设有限公司,,,,,,,,,,,,,,2019年11月30日,2021年11月30日
1327,经济适用住房用地,泰州市,高港区,大泗特色小镇居住区（保障性安置房）,高港区大泗镇大泗社区、杨营村境内,,划拨,,0,,2018,2018年11,2018年11月26日,43104,1.51,65087.04,泰州引江城市开发建设有限公司,,,,,,,,,,,,,,2019年2月15日,2021年12月30日
1364,其他普通商品住房用地,泰州市,兴化市,兴化众盛置业发展有限公司,文林南路东侧、五里路南侧,70,挂牌出让,,27510,,2018,2018年11,2018年11月9日,40075,2.2,88165,兴化众盛置业有限公司,,,,,,,,,,,,,,2019年10月30日,2022年8月30日
1365,其他普通商品住房用地,泰州市,泰兴市,何龙章,泰兴市广陵镇西街,70,协议出让,,60.41,,2018,2018年11,2018年11月8日,878,2,1756,何龙章,,,,,,,,,,,,,,2019年4月12日,2019年4月12日
1383,其他普通商品住房用地,泰州市,泰兴市,泰兴市恒润置业有限公司,黄桥镇城黄线南侧、西河路东侧,70,挂牌出让,,7438,,2018,2018年10,2018年10月31日,32249,2,64498,泰兴市恒润置业有限公司,,,,,,,,,,,,,,2019年10月30日,2022年4月30日
1390,经济适用住房用地,泰州市,泰州市本级,香兰湾小区（保障性安置房）,寺巷镇东明村境内,,划拨,,0,,2018,2018年10,2018年10月26日,21689,1.47,31882.83,泰州华诚医学投资集团有限公司,,,,,,,,,,,,,,2018年11月1日,2020年11月1日
1463,其他普通商品住房用地,泰州市,靖江市,居住（融扬置业）,沿江高等级公路南侧，联沁路东侧,70,挂牌出让,,11500,,2018,2018年10,2018年10月8日,66065,1.5,99097.5,江苏江阴-靖江工业园区融扬置业有限公司,,,,,,,,,,,,,,2020年9月30日,2022年9月30日
1464,其他普通商品住房用地,泰州市,靖江市,商住（融扬置业）,沿江高等级公路南侧，联沁路东侧,70,挂牌出让,,7290,,2018,2018年10,2018年10月8日,40510,1.8,72918,江苏江阴-靖江工业园区融扬置业有限公司,,,,,,,,,,,,,,2020年9月30日,2022年9月30日
1480,经济适用住房用地,泰州市,兴化市,新垛镇农民安置房建设项目,新垛镇新城庄村,,划拨,,0,,2018,2018年9月,2018年9月25日,2262.4,1.89,4275.936,兴化市新垛镇人民政府,,,,,,,,,,,,,,2019年8月1日,2020年8月1日
1495,公共租赁住房用地,泰州市,泰州市本级,青年公寓二期项目,寺巷街道大寿村、新华村境内,,划拨,,0,,2018,2018年9月,2018年9月10日,88278,1.9,167728.2,泰州鑫泰集团有限公司,,,,,,,,,,,,,,2018年4月10日,2020年12月31日
1501,经济适用住房用地,泰州市,兴化市,临城街道十里安置房项目,兴临路西、城南路南,,划拨,,0,,2018,2018年9月,2018年9月7日,714.5,2.1,1500.45,江苏省兴化经济开发区管理委员会,,,,,,,,,,,,,,2019年8月28日,2020年8月28日
1505,其他普通商品住房用地,泰州市,泰州市本级,周山河街区东风南路西侧、永定东路北侧,周山河街区东风南路西侧、永定东路北侧,70,挂牌出让,,172300,,2018,2018年9月,2018年9月4日,152282,1.78,271061.96,江苏海湖地产有限公司,,,,,,,,,,,,,,2019年9月16日,2022年9月16日
1508,经济适用住房用地,泰州市,泰州市本级,东明花园安置小区,寺巷镇东明村境内,,划拨,,0,,2018,2018年9月,2018年9月3日,47516,1.29,61295.64,泰州市新泰建设发展有限公司,,,,,,,,,,,,,,2007年11月9日,2008年12月31日
1510,其他普通商品住房用地,泰州市,海陵区,海陵区育才路北侧、春晖路西侧,海陵区育才路北侧、春晖路西侧,70,挂牌出让,,99000,,2018,2018年8月,2018年8月31日,85781,1.7,145827.7,上海创霁企业管理有限公司,,,,,,,,,,,,,,2019年9月16日,2022年9月16日
1512,其他普通商品住房用地,泰州市,海陵区,海陵区金东路东侧、规划周桥路北侧,海陵区金东路东侧、规划周桥路北侧,70,挂牌出让,,181300,,2018,2018年8月,2018年8月31日,143712,3,431136,泰州市泰政交通投资有限公司,,,,,,,,,,,,,,2019年9月23日,2022年9月23日
1515,其他普通商品住房用地,泰州市,靖江市,商住（徐州美的）,新洲路南侧，文兴路东侧，望江路北侧,70,挂牌出让,,50300,,2018,2018年8月,2018年8月30日,66487,2,132974,徐州市美的新城房地产发展有限公司,,,,,,,,,,,,,,2020年9月24日,2022年9月24日
1532,其他普通商品住房用地,泰州市,泰州市本级,周山河街区引江路北侧、东周港路西侧,周山河街区引江路北侧、东周港路西侧,70,挂牌出让,,99900,,2018,2018年8月,2018年8月16日,77722,2.2,170988.4,泰州市碧桂园房地产开发有限公司,,,,,,,,,,,,,,2019年6月2日,2022年6月2日
1544,其他普通商品住房用地,泰州市,兴化市,兴化市一泓碧水房地产开发有限公司,兴化市竹泓镇蓓蕾路西侧,70,挂牌出让,,2142,,2018,2018年8月,2018年8月8日,32072.66,1.2,38487.192,兴化市一泓碧水房地产开发有限公司,,,,,,,,,,,,,,2019年7月24日,2021年7月24日
1561,其他普通商品住房用地,泰州市,泰兴市,杜学根、张加俊、韦伟、曹新跃、褚星、张皓然、李纪樟、陆纯明、姚勇,虹桥镇东风路西侧地块,70,挂牌出让,,215,,2018,2018年8月,2018年8月3日,2458,1.1,2703.8,杜学根、张加俊、韦伟、曹新跃、褚星、张皓然、李纪樟、陆纯明、姚勇,,,,,,,,,,,,,,2020年2月3日,2021年8月3日
1593,其他普通商品住房用地,泰州市,靖江市,住宅（东江房地产）,真武河南路南侧，新建路东侧,70,挂牌出让,,2600,,2018,2018年7月,2018年7月25日,5413,1.2,6495.6,靖江市东江房地产开发有限公司,,,,,,,,,,,,,,2020年8月8日,2022年8月8日
1597,其他普通商品住房用地,泰州市,靖江市,商业、商务、居住（红城置业）,城东大道东侧,70,挂牌出让,,3500,,2018,2018年7月,2018年7月20日,10173,1.02,10376.46,靖江红城置业有限公司,,,,,,,,,,,,,,2020年8月8日,2022年8月8日
1598,其他普通商品住房用地,泰州市,靖江市,商业、居住（新桥城乡）,公新公路南侧，顺业路东侧,70,挂牌出让,,15750,,2018,2018年7月,2018年7月20日,69966,2,139932,靖江市新桥城乡建设有限公司,,,,,,,,,,,,,,2020年7月23日,2020年10月30日
1604,经济适用住房用地,泰州市,泰州市本级,军甫安置区二、三期项目,寺巷镇寺巷村境内,,划拨,,0,,2018,2018年7月,2018年7月18日,111732,1.54,172067.28,泰州市新泰建设发展有限公司,,,,,,,,,,,,,,2010年5月1日,2013年4月19日
1609,其他普通商品住房用地,泰州市,靖江市,居住（鑫地置业）,真武河北路北侧,70,挂牌出让,,1420,,2018,2018年7月,2018年7月10日,2921,1.2,3505.2,靖江市鑫地置业有限公司,,,,,,,,,,,,,,2020年7月25日,2022年7月25日
1680,其他普通商品住房用地,泰州市,泰兴市,泰州市宣银房地产开发有限公司,宣堡镇中央路北侧,70,挂牌出让,,141,,2018,2018年6月,2018年6月8日,3412,1.5,5118,泰兴市宣银房地产开发有限公司,,,,,,,,,,,,,,2019年12月8日,2021年6月8日
1681,其他普通商品住房用地,泰州市,泰兴市,江苏古银杏公园建设投资有限公司,宣堡镇古高公路北侧,70,挂牌出让,,743,,2018,2018年6月,2018年6月8日,18273,1.8,32891.4,江苏古银杏公园建设投资有限公司,,,,,,,,,,,,,,2019年12月8日,2021年6月8日
1682,其他普通商品住房用地,泰州市,姜堰市,江苏海湖地产有限公司住宅项目,姜堰区姜官路东侧、康华二村北侧、东海路西侧,70,挂牌出让,,33193,,2018,2018年6月,2018年6月6日,49047,1.8,88284.6,江苏海湖地产有限公司,,,,,,,,,,,,,,2019年8月28日,2022年8月26日
1711,其他普通商品住房用地,泰州市,泰兴市,泰兴市滨江镇人民政府,滨江镇澄江路北侧、襟江路东侧,70,挂牌出让,,548,,2018,2018年5月,2018年5月23日,12646,2.5,31615,泰兴市滨江镇人民政府,,,,,,,,,,,,,,2019年11月23日,2021年5月23日
1712,其他普通商品住房用地,泰州市,泰兴市,泰兴市曲霞镇人民政府,曲霞镇中心街西侧,70,挂牌出让,,182,,2018,2018年5月,2018年5月23日,2020,1.4,2828,泰兴市曲霞镇人民政府,,,,,,,,,,,,,,2019年11月23日,2021年5月23日
1730,其他普通商品住房用地,泰州市,泰兴市,泰兴市广源房地产开发有限公司,市区银杏路北侧、济川路东侧1号地块,70,挂牌出让,,50588,,2018,2018年5月,2018年5月18日,56910,2,113820,泰兴市广源房地产开发有限公司,,,,,,,,,,,,,,2019年7月18日,2022年1月18日
1732,经济适用住房用地,泰州市,海陵区,泰州市鑫东花苑小区,海陵工业园区十里铺村境内,,划拨,,0,,2018,2018年5月,2018年5月15日,59898,2.5,149745,泰州欣泰新农村建设发展有限公司,,,,,,,,,,,,,,2018年5月19日,2020年5月18日
1741,中低价位、中小套型普通商品住房用地,泰州市,泰兴市,泰兴市成兴国有资产经营投资有限公司,滨江镇杨元路东侧、北一路北侧,70,挂牌出让,,2121,,2018,2018年5月,2018年5月11日,42221,2.5,105552.5,泰兴市成兴国有资产经营投资有限公司,,,,,,,,,,,,,,2019年11月11日,2021年5月11日
1754,其他普通商品住房用地,泰州市,兴化市,泰州茂兴置业有限公司,兴化市竹泓镇市场北路西侧,70,挂牌出让,,1553,,2018,2018年5月,2018年5月2日,14008.3,1.7,23814.11,泰州茂兴置业有限公司,,,,,,,,,,,,,,2019年4月17日,2021年4月17日
1763,其他普通商品住房用地,泰州市,兴化市,姚大齐,兴化市永丰镇永兴村、昌合公路北侧,70,挂牌出让,,79,,2018,2018年4月,2018年4月26日,1128.6,1.2,1354.32,姚大齐,,,,,,,,,,,,,,2019年4月12日,2020年4月12日
1776,其他普通商品住房用地,泰州市,泰兴市,陈龙,虹桥镇蒋华蒋闸东路44号,70,协议出让,,10.16,,2018,2018年4月,2018年4月17日,66.17,5,330.85,陈龙,,,,,,,,,,,,,,2018年9月30日,2018年9月30日
1780,其他普通商品住房用地,泰州市,泰兴市,泰兴市房产管理局,济川街道劳动新村15幢101室,70,协议出让,,34.19,,2018,2018年4月,2018年4月11日,138.03,3,414.09,泰兴市房产管理局,,,,,,,,,,,,,,2018年9月21日,2018年9月21日
1793,经济适用住房用地,泰州市,泰州市本级,城南安置区三期工程,泰州医药高西区寺巷镇城南村境内,,划拨,,0,,2018,2018年4月,2018年4月9日,32878,1.72,56550.16,泰州市新泰建设发展有限公司,,,,,,,,,,,,,,2010年12月1日,2011年12月1日
1811,其他普通商品住房用地,泰州市,靖江市,靖江市城乡建设有限公司,六圩港东侧，东桥路南侧,70,挂牌出让,,10700,,2018,2018年4月,2018年4月2日,33796,2.5,84490,靖江市城乡建设有限公司,,,,,,,,,,,,,,2020年5月30日,2022年5月30日
1834,其他普通商品住房用地,泰州市,高港区,高港区永安洲镇兴洲花苑1区,泰州市高港区永安洲镇兴洲花苑1区27幢1号,70,协议出让,,8.7,,2018,2018年3月,2018年3月21日,188.8,1.53,288.864,刘华、李兰粉,,,,,,,,,,,,,,2018年4月4日,2018年4月26日
1880,其他普通商品住房用地,泰州市,泰兴市,泰兴市新型建筑房地产开发公司,兴南路北侧、科太路西侧,70,挂牌出让,,42848,,2018,2018年3月,2018年3月15日,65649,1.2,78778.8,泰兴市新型建筑房地产开发公司,,,,,,,,,,,,,,2019年9月15日,2022年3月15日
1881,其他普通商品住房用地,泰州市,泰兴市,江苏和福房地产开发有限公司,文昌东路南侧、科太路西侧,70,挂牌出让,,51108,,2018,2018年3月,2018年3月15日,66804,2,133608,江苏和福房地产开发有限公司,,,,,,,,,,,,,,2019年9月15日,2022年3月15日
1889,其他普通商品住房用地,泰州市,泰兴市,江苏恒富地产有限公司,市区兴燕路西侧、阳江路南侧,70,挂牌出让,,23068,,2018,2018年3月,2018年3月9日,27573,2.2,60660.6,江苏恒富地产有限公司,,,,,,,,,,,,,,2019年9月9日,2022年3月9日
1893,其他普通商品住房用地,泰州市,泰兴市,泰兴市金港大酒店,虹桥镇长虹路西侧,70,挂牌出让,,130,,2018,2018年3月,2018年3月7日,1452,1.2,1742.4,泰兴市金港大酒店,,,,,,,,,,,,,,2019年9月7日,2022年3月7日
1894,其他普通商品住房用地,泰州市,泰兴市,江苏恒建投资有限公司,根思乡根东中沟西侧,70,挂牌出让,,1310,,2018,2018年3月,2018年3月7日,16706,1.8,30070.8,江苏恒建投资有限公司,,,,,,,,,,,,,,2019年9月7日,2022年3月7日
1896,其他普通商品住房用地,泰州市,兴化市,许超、洪斌,兴化市安丰镇九丰村、九丰路北侧,70,挂牌出让,,5946,,2018,2018年3月,2018年3月7日,20988.7,2,41977.4,许超、洪斌,,,,,,,,,,,,,,2020年4月8日,2022年4月8日
1898,其他普通商品住房用地,泰州市,姜堰市,泰州新悦房地产开发有限公司商住楼,张甸镇政府南侧、锦尚名苑一期西侧,70,挂牌出让,,2351,,2018,2018年3月,2018年3月6日,27864,1.5,41796,泰州新悦房地产开发有限公司,,,,,,,,,,,,,,2019年5月2日,2022年5月1日
1906,其他普通商品住房用地,泰州市,姜堰市,江苏溱潼建设集团置业有限公司,侍其街西侧、鹿鸣西路北侧,70,挂牌出让,,2741,,2018,2018年2月,2018年2月28日,30224,1.4,42313.6,江苏溱潼建设集团置业有限公司,,,,,,,,,,,,,,2018年8月25日,2019年12月10日
1907,其他普通商品住房用地,泰州市,姜堰市,江苏溱淮置业有限公司,溱潼镇新城大道北侧、绿树街西侧、府前路南侧,70,挂牌出让,,3714,,2018,2018年2月,2018年2月28日,51292,1.5,76938,江苏溱淮置业有限公司,,,,,,,,,,,,,,2018年9月25日,2019年12月10日
1954,其他普通商品住房用地,泰州市,泰兴市,浙江祥生房地产开发有限公司,市区根思路南侧、文江路西侧8号地块,70,挂牌出让,,47398,,2018,2018年1月,2018年1月24日,50868,1.8,91562.4,浙江祥生房地产开发有限公司,,,,,,,,,,,,,,2019年7月24日,2022年1月24日
1955,其他普通商品住房用地,泰州市,泰兴市,江苏兴隆兴业地产集团有限公司,根思路南侧、文江路西侧10号地块,70,挂牌出让,,43388,,2018,2018年1月,2018年1月24日,44717,1.8,80490.6,江苏兴隆兴业地产集团有限公司,,,,,,,,,,,,,,2019年7月24日,2022年1月24日
1963,其他普通商品住房用地,泰州市,泰兴市,陈永和,珊瑚镇红珊瑚路西侧、铜珊瑚路南侧地块,70,挂牌出让,,578,,2018,2018年1月,2018年1月22日,6646,1.5,9969,陈永和,,,,,,,,,,,,,,2019年7月22日,2022年1月22日
1989,其他普通商品住房用地,泰州市,兴化市,兴化市沙沟古镇房地产开发有限公司,兴化市沙沟镇人民西路南侧,70,挂牌出让,,406,,2018,2018年1月,2018年1月10日,6940.2,1.02,7079.004,兴化市沙沟古镇房地产开发有限公司,,,,,,,,,,,,,,2018年9月26日,2020年9月26日
1991,其他普通商品住房用地,泰州市,泰兴市,泰兴富雅置业有限公司,虹桥镇长虹路西侧、红星路北侧,70,挂牌出让,,2688,,2018,2018年1月,2018年1月10日,23409,1.5,35113.5,泰兴富雅置业有限公司,,,,,,,,,,,,,,2019年7月10日,2022年1月10日
1999,其他普通商品住房用地,泰州市,泰兴市,刘斌,泰兴市金城小区10幢502室,70,协议出让,,4.27,,2018,2018年1月,2018年1月8日,17.48,4.6,80.408,刘斌,,,,,,,,,,,,,,2018年6月5日,2018年6月5日
2070,其他普通商品住房用地,泰州市,海陵区,海陵区东风北路东侧、森园路北侧,海陵区东风北路东侧、森园路北侧,70,挂牌出让,,120100,,2017,2017年12,2017年12月27日,112726,1.93,217561.18,泰州市玉城置业有限公司,,,,,,,,,,,,,,2018年12月7日,2021年12月7日
2091,其他普通商品住房用地,泰州市,泰州市本级,泰州经济开发区青年南路西侧、苏源花园南侧,泰州经济开发区青年南路西侧、苏源花园南侧,70,挂牌出让,,170100,,2017,2017年12,2017年12月26日,122257,1.8,220062.6,泰州凤城河建设发展有限公司,,,,,,,,,,,,,,2018年12月7日,2021年12月7日
2092,其他普通商品住房用地,泰州市,泰州市本级,泰州经济开发区凤凰西路北侧、天虹路西侧,泰州经济开发区凤凰西路北侧、天虹路西侧,70,挂牌出让,,34800,,2017,2017年12,2017年12月26日,42150,1.2,50580,泰州凤城河建设发展有限公司,,,,,,,,,,,,,,2018年12月7日,2020年12月7日
2093,其他普通商品住房用地,泰州市,海陵区,海陵区梅兰西路北侧、青年南路西侧,海陵区梅兰西路北侧、青年南路西侧,70,挂牌出让,,65500,,2017,2017年12,2017年12月26日,47586,1.8,85654.8,泰州市新滨江开发有限责任公司,,,,,,,,,,,,,,2018年12月7日,2020年12月7日
2112,其他普通商品住房用地,泰州市,靖江市,居住（华靖资产）,中圩西路南侧，八圩港西侧,70,挂牌出让,,45000,,2017,2017年12,2017年12月22日,66228.5,1.8,119211.3,江苏华靖资产经营有限公司,,,,,,,,,,,,,,2018年12月12日,2020年12月12日
2116,经济适用住房用地,泰州市,姜堰市,中天二村四期项目,罗塘街道太宇村,,划拨,,0,,2017,2017年12,2017年12月20日,23066,1.45,33445.7,江苏中天正宜置业有限公司,,,,,,,,,,,,,,2017年12月21日,2019年12月21日
2126,其他普通商品住房用地,泰州市,姜堰市,苏州市宏阔置业有限公司商住楼,姜堰区花园路北侧、高教路西侧,70,挂牌出让,,28012,,2017,2017年12,2017年12月18日,62040,2.1,130284,苏州市宏阔置业有限公司,,,,,,,,,,,,,,2018年9月19日,2021年9月19日
2148,其他普通商品住房用地,泰州市,泰兴市,靖江市中远置业有限公司,泰兴市黄桥镇西河路东侧、通站路北侧,70,挂牌出让,,8158,,2017,2017年12,2017年12月13日,42076.2,2,84152.4,靖江市中远置业有限公司,,,,,,,,,,,,,,2019年6月13日,2021年12月13日
2149,其他普通商品住房用地,泰州市,泰兴市,泰兴市恒润置业有限公司,黄桥镇致富南路西侧、通站路南侧,70,挂牌出让,,4908,,2017,2017年12,2017年12月13日,24020,1.8,43236,泰兴市恒润置业有限公司,,,,,,,,,,,,,,2019年6月13日,2021年12月13日
2193,其他普通商品住房用地,泰州市,泰兴市,泰州市华臣凯地房地产开发有限公司,虹桥镇虹桥大道北侧、彩虹路西侧,70,挂牌出让,,2195,,2017,2017年12,2017年12月1日,19574,1.7,33275.8,泰州市华臣凯地房地产开发有限公司,,,,,,,,,,,,,,2019年3月1日,2021年12月1日
2194,其他普通商品住房用地,泰州市,泰兴市,泰州市华臣凯地房地产开发有限公司,虹桥镇虹桥大道北侧、彩虹路西侧,70,挂牌出让,,6970,,2017,2017年12,2017年12月1日,62610,1.7,106437,泰州市华臣凯地房地产开发有限公司,,,,,,,,,,,,,,2019年3月1日,2021年12月1日
2228,其他普通商品住房用地,泰州市,泰兴市,泰州市碧桂园房地产开发有限公司,市区驾培路东侧、北辅西路南侧,70,挂牌出让,,19298,,2017,2017年11,2017年11月29日,40653,2,81306,泰州市碧桂园房地产开发有限公司,,,,,,,,,,,,,,2019年6月29日,2021年12月29日
2229,其他普通商品住房用地,泰州市,泰兴市,江苏恒富地产有限公司,黄桥镇金溪路西侧、东进西路北侧,70,挂牌出让,,11208,,2017,2017年11,2017年11月29日,43386,2.4,104126.4,江苏恒富地产有限公司,,,,,,,,,,,,,,2019年6月29日,2021年12月29日
2369,其他普通商品住房用地,泰州市,靖江市,住宅（中洲建设）,靖江市环城南路南侧，通江路西侧,70,挂牌出让,,3920,,2017,2017年11,2017年11月3日,19879,2.62,52082.98,靖江市中洲建设有限公司,,,,,,,,,,,,,,2018年2月14日,2019年6月30日
2391,其他普通商品住房用地,泰州市,泰兴市,泰兴市兴黄综合投资开发有限公司,黄桥镇致富南路西侧,66,挂牌出让,,12.2,,2017,2017年11,2017年11月1日,97,1.1,106.7,泰兴市兴黄综合投资开发有限公司,,,,,,,,,,,,,,2018年8月18日,2021年2月18日
2406,其他普通商品住房用地,泰州市,兴化市,兴化市凤城河房地产有限公司,兴化市长安南路西侧、创业路北侧,70,挂牌出让,,28170,,2017,2017年10,2017年10月26日,50350.3,2.2,110770.66,兴化市凤城河房地产有限公司,,,,,,,,,,,,,,2018年6月30日,2021年6月30日
2481,其他普通商品住房用地,泰州市,靖江市,商住（逸江置业）,城东大道西侧，江平路南侧,70,挂牌出让,,1260,,2017,2017年10,2017年10月13日,4504.1,2.5,11260.25,江苏逸江置业有限公司,,,,,,,,,,,,,,2019年10月25日,2021年10月25日
2515,其他普通商品住房用地,泰州市,泰兴市,泰州市永达房地产开发有限公司,泰兴市宣堡镇建工路北侧、宣泰公路东侧,70,挂牌出让,,1180,,2017,2017年9月,2017年9月28日,11383,2.4,27319.2,泰州市永达房地产开发有限公司,,,,,,,,,,,,,,2019年3月28日,2021年9月28日
2516,其他普通商品住房用地,泰州市,泰兴市,泰兴市腾隆房地产开发有限公司,市区根思路北侧、文江路西侧4号,70,挂牌出让,,37578,,2017,2017年9月,2017年9月28日,42244,2.2,92936.8,泰兴市腾隆房地产开发有限公司,,,,,,,,,,,,,,2019年3月28日,2021年9月28日
2517,其他普通商品住房用地,泰州市,泰兴市,南京弘阳瑞尚房地产开发有限公司,市区根思路北侧、文江路西侧3号地块,70,挂牌出让,,49888,,2017,2017年9月,2017年9月28日,56230,2.2,123706,南京弘阳瑞尚房地产开发有限公司,,,,,,,,,,,,,,2019年3月28日,2021年9月28日
2521,其他普通商品住房用地,泰州市,兴化市,江苏鸿鹏置业有限公司,兴化市永丰镇丰盛路东侧、昌合公路北侧,70,挂牌出让,,1237,,2017,2017年9月,2017年9月26日,18573.6,1.87,34732.632,江苏鸿鹏置业有限公司,,,,,,,,,,,,,,2018年3月15日,2020年3月15日
2523,其他普通商品住房用地,泰州市,泰兴市,泰兴市隆兴房地产开发有限公司,黄桥镇定慧路东侧、银杏路北侧,70,挂牌出让,,11750,,2017,2017年9月,2017年9月21日,58403,2.2,128486.6,泰兴市隆兴房地产开发有限公司,,,,,,,,,,,,,,2019年3月21日,2021年9月21日
2552,其他普通商品住房用地,泰州市,海陵区,海陵区关帝庙巷21号,海陵区关帝庙巷21号,70,协议出让,,11.764,,2017,2017年8月,2017年8月21日,86.2,1.1,94.82,王辉李旭彤,,,,,,,,,,,,,,2017年8月31日,2017年9月8日
2564,其他普通商品住房用地,泰州市,靖江市,商业、住宅（阳光控股）,江洲路南侧，文兴路东侧，阳光大道北侧,70,挂牌出让,,52700,,2017,2017年8月,2017年8月15日,47505,1.8,85509,江苏阳光控股集团有限公司,,,,,,,,,,,,,,2019年2月1日,2021年2月1日
2566,其他普通商品住房用地,泰州市,兴化市,陈风珍,兴化市安丰镇新北郊村、北环路北侧,70,挂牌出让,,3988,,2017,2017年8月,2017年8月14日,10000,2.5,25000,陈风珍,,,,,,,,,,,,,,2018年1月21日,2020年1月21日
2572,其他普通商品住房用地,泰州市,兴化市,兴化市万源置业有限公司,兴化市戴南镇迎宾大道西侧、园区东路南侧,70,挂牌出让,,3539,,2017,2017年8月,2017年8月2日,18751.1,2.78,52128.058,兴化市万源置业有限公司,,,,,,,,,,,,,,2018年1月20日,2020年1月20日
2577,其他普通商品住房用地,泰州市,泰兴市,泰兴市祥瑞置业有限公司,高新区文昌东路南侧、兴南路北侧,70,挂牌出让,,48500,,2017,2017年7月,2017年7月28日,70000,2,140000,泰兴市祥瑞置业有限公司,,,,,,,,,,,,,,2019年1月28日,2021年7月28日
2578,其他普通商品住房用地,泰州市,泰兴市,广州市顺利投资有限公司,市区根思路南侧、张陈路东侧7号,70,挂牌出让,,57918,,2017,2017年7月,2017年7月28日,57534,2.2,126574.8,广州市顺利投资有限公司,,,,,,,,,,,,,,2019年1月28日,2021年7月28日
2579,其他普通商品住房用地,泰州市,泰兴市,广州市顺利投资有限公司,市区根思路南侧、张陈路东侧5号,70,挂牌出让,,61688,,2017,2017年7月,2017年7月28日,63928,2.2,140641.6,广州市顺利投资有限公司,,,,,,,,,,,,,,2019年1月28日,2021年7月28日
2602,其他普通商品住房用地,泰州市,兴化市,泰州市姜堰区盛达房地产开发有限公司兴化分公司,兴化市戴南镇健康路南侧、兴姜河东侧,70,挂牌出让,,1964,,2017,2017年7月,2017年7月20日,18213.9,1.4,25499.46,泰州市姜堰区盛达房地产开发有限公司兴化分公司,,,,,,,,,,,,,,2017年12月30日,2019年12月30日
2609,其他普通商品住房用地,泰州市,泰州市本级,周山河街区引江路南侧、东周港路西测,周山河街区引江路南侧、东周港路西测,70,挂牌出让,,94400,,2017,2017年7月,2017年7月7日,77609,2.2,170739.8,盐城雄建房地产开发有限公司,,,,,,,,,,,,,,2018年6月29日,2021年6月29日
2610,其他普通商品住房用地,泰州市,泰州市本级,周山河街区海军大道北侧约50米、东周港路西侧,周山河街区海军大道北侧约50米、东周港路西侧,70,挂牌出让,,66400,,2017,2017年7月,2017年7月6日,56724,2.1,119120.4,苏州天地源木渎置业有限公司,,,,,,,,,,,,,,2018年6月29日,2021年6月29日
2616,其他普通商品住房用地,泰州市,海陵区,海陵区迎宾路南侧、春晖路东侧,海陵区迎宾路南侧、春晖路东侧,70,挂牌出让,,60400,,2017,2017年6月,2017年6月29日,57099,1.7,97068.3,江苏凯尔置业有限公司,,,,,,,,,,,,,,2018年6月29日,2020年6月29日
2619,经济适用住房用地,泰州市,兴化市,兴化市大纵湖综合整治移民安置项目,兴化市西郊镇西郊村,,划拨,,0,,2017,2017年6月,2017年6月27日,11930.5,1.2,14316.6,兴化市水务局,,,,,,,,,,,,,,2017年11月27日,2019年11月27日
2627,经济适用住房用地,泰州市,海陵区,智堡村拆迁安置区,海陵区城东街道智堡村境内,,划拨,,0,,2017,2017年6月,2017年6月20日,2063,1.26,2599.38,泰州房产管理处,,,,,,,,,,,,,,2009年2月20日,2010年6月20日
2654,其他普通商品住房用地,泰州市,兴化市,冯华林、张同根、向宏祥,兴化市茅山镇纪荀村、陈张公路北侧,70,挂牌出让,,414,,2017,2017年6月,2017年6月7日,4764.1,1.63,7765.483,冯华林、张同根、向宏祥,,,,,,,,,,,,,,2017年11月16日,2019年11月16日
2695,其他普通商品住房用地,泰州市,姜堰市,杨永进、李娟,汤河南侧、高教路东侧,70,挂牌出让,,1518,,2017,2017年5月,2017年5月19日,5985,1.1,6583.5,杨永进、李娟,,,,,,,,,,,,,,2015年9月24日,2017年9月24日
2698,其他普通商品住房用地,泰州市,靖江市,居住（华东城建）,姜八公路西侧，沙泥河北侧，纬六路南侧,70,挂牌出让,,5305,,2017,2017年5月,2017年5月16日,19647,1.5,29470.5,靖江华东城市建设有限公司,,,,,,,,,,,,,,2017年11月3日,2019年5月2日
2699,其他普通商品住房用地,泰州市,靖江市,商住（新桥城建）,新桥镇富江路东侧,70,挂牌出让,,2550,,2017,2017年5月,2017年5月16日,14143,1.8,25457.4,靖江市新桥城乡建设有限公司,,,,,,,,,,,,,,2017年11月3日,2019年5月2日
2718,其他普通商品住房用地,泰州市,姜堰市,江苏明天置业有限公司,姜堰区药厂东路北侧、种子河东侧,70,挂牌出让,,4772,,2017,2017年5月,2017年5月9日,14594,1.4,20431.6,江苏明天置业有限公司,,,,,,,,,,,,,,2017年12月31日,2020年12月31日
2719,其他普通商品住房用地,泰州市,姜堰市,泰州市姜堰区碧桂园房地产开发有限公司,姜堰区前进路西侧、花园路北侧、高教路东侧,70,挂牌出让,,30251,,2017,2017年5月,2017年5月9日,62574,1.8,112633.2,泰州市姜堰区碧桂园房地产开发有限公司,,,,,,,,,,,,,,2017年12月31日,2020年12月31日
2720,其他普通商品住房用地,泰州市,泰兴市,泰兴市祥瑞置业有限公司,市区根思路北侧、长征路西侧,40,挂牌出让,,20508,,2017,2017年5月,2017年5月5日,23748,1.8,42746.4,泰兴市祥瑞置业有限公司,,,,,,,,,,,,,,2018年5月5日,2020年11月5日
2725,经济适用住房用地,泰州市,姜堰市,卤汀河拓浚工程移民安置区项目,华港镇桑湾村,,划拨,,0,,2017,2017年4月,2017年4月28日,21181,1.2,25417.2,泰州市姜堰区华港镇人民政府,,,,,,,,,,,,,,2017年4月28日,2018年4月30日
2751,其他普通商品住房用地,泰州市,泰兴市,江苏华铭锻造有限公司,宣堡镇中央路南侧、宣孔路东侧,70,挂牌出让,,58,,2017,2017年4月,2017年4月10日,633,1.1,696.3,江苏华铭锻造有限公司,,,,,,,,,,,,,,2018年10月10日,2021年4月10日
2803,其他普通商品住房用地,泰州市,兴化市,周鑫,兴化市大垛镇府前路北侧,70,挂牌出让,,930,,2017,2017年3月,2017年3月17日,7385.2,1.01,7459.052,周鑫,,,,,,,,,,,,,,2017年8月24日,2019年8月24日
2836,其他普通商品住房用地,泰州市,姜堰市,王寿宏等六人商住楼,姜堰区陈庄路南侧、陈庄农贸市场西侧,70,挂牌出让,,959,,2017,2017年3月,2017年3月2日,4092,1.5,6138,王寿宏等6人,,,,,,,,,,,,,,2017年12月31日,2020年12月31日
2847,其他普通商品住房用地,泰州市,姜堰市,泰州市祥达置业有限公司商住楼,姜堰区姜堰大道南侧、溱湖大道东侧、罗塘西路北侧,70,挂牌出让,,8696,,2017,2017年2月,2017年2月22日,68001,2.8,190402.8,泰州市祥达置业有限公司,,,,,,,,,,,,,,2018年4月28日,2021年4月27日
2848,其他普通商品住房用地,泰州市,姜堰市,王锦强等三人,姜堰区华港镇政府东侧、明华路北侧,70,挂牌出让,,675,,2017,2017年2月,2017年2月22日,8617,1.6,13787.2,王锦强等三人,,,,,,,,,,,,,,2018年10月1日,2021年10月1日
2849,其他普通商品住房用地,泰州市,靖江市,商住（苏州宏弛）,新洲路南侧，望江路北侧，同安路东侧,70,挂牌出让,,38900,,2017,2017年2月,2017年2月21日,62655,1.5,93982.5,苏州市宏弛置业有限公司,,,,,,,,,,,,,,2018年8月6日,2021年8月6日
2853,中低价位、中小套型普通商品住房用地,泰州市,泰兴市,泰兴市虹桥园工业开发有限公司,虹桥镇红星路北侧、彩虹路西侧,50,挂牌出让,,2600,,2017,2017年2月,2017年2月20日,61021,1.9,115939.9,泰兴市虹桥园工业开发有限公司,,,,,,,,,,,,,,2018年8月20日,2021年2月20日
2854,中低价位、中小套型普通商品住房用地,泰州市,泰兴市,泰兴市虹桥园工业开发有限公司,虹桥镇红星路北侧、同德中沟南侧,70,挂牌出让,,1830,,2017,2017年2月,2017年2月20日,30207,2,60414,泰兴市虹桥园工业开发有限公司,,,,,,,,,,,,,,2018年8月20日,2021年2月20日
2865,其他普通商品住房用地,泰州市,兴化市,兴化市兴晟置业有限公司,兴化市九顷北路西侧、涂北路南侧,70,挂牌出让,,3408,,2017,2017年2月,2017年2月15日,22903,1.6,36644.8,兴化市兴晟置业有限公司,,,,,,,,,,,,,,2017年9月30日,2019年12月30日
2877,其他普通商品住房用地,泰州市,兴化市,泰州新兴建设实业有限公司,兴化市竹泓镇市场北路东侧,70,挂牌出让,,1148,,2017,2017年2月,2017年2月7日,5271.6,1.7,8961.72,泰州新兴建设实业有限公司,,,,,,,,,,,,,,2017年7月25日,2019年7月25日
2880,其他普通商品住房用地,泰州市,兴化市,杨亭根,兴化市林湖乡魏庄西村、丰收路北侧,70,挂牌出让,,490,,2017,2017年2月,2017年2月6日,7102.6,1.6,11364.16,杨亭根,,,,,,,,,,,,,,2017年7月25日,2019年7月25日
2881,其他普通商品住房用地,泰州市,兴化市,杨亭根,兴化市林湖乡魏庄西村、丰收路南侧,70,挂牌出让,,345,,2017,2017年2月,2017年2月6日,6031.6,1.6,9650.56,杨亭根,,,,,,,,,,,,,,2017年7月25日,2019年7月25日
2883,其他普通商品住房用地,泰州市,兴化市,胡建,兴化市新垛镇振兴路北侧,70,挂牌出让,,237,,2017,2017年2月,2017年2月3日,1432.1,2.5,3580.25,胡建,,,,,,,,,,,,,,2017年7月25日,2018年7月25日
2884,其他普通商品住房用地,泰州市,兴化市,征长锦,兴化市新垛镇振兴路北侧,70,挂牌出让,,385,,2017,2017年2月,2017年2月3日,1565.7,1.78,2786.946,征长锦,,,,,,,,,,,,,,2017年7月25日,2018年7月25日
2891,其他普通商品住房用地,泰州市,兴化市,许超,兴化市安丰镇九丰村、九丰路南侧,70,挂牌出让,,3902,,2017,2017年1月,2017年1月24日,21996.6,2.85,62690.31,许超,,,,,,,,,,,,,,2017年7月15日,2019年7月15日
2898,其他普通商品住房用地,泰州市,兴化市,孙云杰,兴化市大垛镇府前路南侧,70,挂牌出让,,176,,2017,2017年1月,2017年1月18日,1447.5,1.04,1505.4,孙云杰,,,,,,,,,,,,,,2017年7月5日,2018年7月5日
2904,经济适用住房用地,泰州市,兴化市,戴南镇交管所职工房屋拆迁安置楼,兴化市戴南镇人民西路南侧、崇文路东侧,,划拨,,0,,2017,2017年1月,2017年1月14日,1395.6,2.37,3307.572,兴化市东南城市建设投资有限公司,,,,,,,,,,,,,,2017年10月4日,2018年10月4日
2937,中低价位、中小套型普通商品住房用地,泰州市,泰兴市,泰兴市王朝大酒店有限公司,虹桥镇七圩港南侧,70,挂牌出让,,463,,2017,2017年1月,2017年1月4日,4911,1.4,6875.4,泰兴市王朝大酒店有限公司,,,,,,,,,,,,,,2018年7月4日,2021年1月4日
2953,其他普通商品住房用地,泰州市,泰兴市,新城控股集团房地产开发有限公司,鼓楼路东侧、根思路北侧,70,挂牌出让,,13650,,2016,2016年12,2016年12月30日,38105,1.7,64778.5,新城控股集团房地产开发有限公司,,,,,,,,,,,,,,2018年6月30日,2020年12月30日
2973,其他普通商品住房用地,泰州市,泰州市本级,医药高新区兴泰南路东侧、永兴路北侧,医药高新区兴泰南路东侧、永兴路北侧,70,挂牌出让,,21300,,2016,2016年12,2016年12月29日,52394,1.3,68112.2,上海新碧房地产开发有限公司,,,,,,,,,,,,,,2017年12月29日,2019年12月29日
2974,其他普通商品住房用地,泰州市,海陵区,海陵区南通路北侧约60米、海陵北路东侧,海陵区南通路北侧约60米、海陵北路东侧,70,挂牌出让,,47200,,2016,2016年12,2016年12月29日,95526,1.37,130870.62,上海新碧房地产开发有限公司,,,,,,,,,,,,,,2017年12月29日,2020年12月29日
2975,其他普通商品住房用地,泰州市,高港区,高港区永安洲镇高港大道西侧、国学路北侧,高港区永安洲镇高港大道西侧、国学路北侧,70,挂牌出让,,11700,,2016,2016年12,2016年12月29日,71613,1.8,128903.4,江苏广鑫投资发展有限公司,,,,,,,,,,,,,,2017年12月29日,2020年12月29日
2976,其他普通商品住房用地,泰州市,海陵区,海陵区海陵北路东侧、森园路南侧,海陵区海陵北路东侧、森园路南侧,70,挂牌出让,,14700,,2016,2016年12,2016年12月29日,32122,1.6,51395.2,上海新碧房地产开发有限公司,,,,,,,,,,,,,,2017年12月29日,2019年12月29日
2988,其他普通商品住房用地,泰州市,兴化市,窦满杰,兴化市陈堡镇人民路南侧,70,挂牌出让,,237,,2016,2016年12,2016年12月22日,2759.9,1.05,2897.895,窦满杰,,,,,,,,,,,,,,2017年6月1日,2018年6月1日
3048,中低价位、中小套型普通商品住房用地,泰州市,泰兴市,泰兴市恒润置业有限公司,黄桥镇东华村路南侧定慧路东侧,70,挂牌出让,,10805,,2016,2016年12,2016年12月15日,60509,1.85,111941.65,泰兴市恒润置业有限公司,,,,,,,,,,,,,,2018年6月15日,2020年12月15日
3051,中低价位、中小套型普通商品住房用地,泰州市,泰兴市,泰兴市兴黄综合投资开发有限公司,黄桥镇金溪路西侧河滨路南侧,70,挂牌出让,,820,,2016,2016年12,2016年12月15日,16970,2.65,44970.5,泰兴市兴黄综合投资开发有限公司,,,,,,,,,,,,,,2018年6月15日,2020年12月15日
3086,中低价位、中小套型普通商品住房用地,泰州市,泰兴市,滨江镇人民政府,滨江镇飞虹路西侧疏港路北侧,70,挂牌出让,,2407,,2016,2016年12,2016年12月12日,56501,1.4,79101.4,泰兴市滨江镇人民政府,,,,,,,,,,,,,,2018年6月12日,2020年12月12日
3087,中低价位、中小套型普通商品住房用地,泰州市,泰兴市,滨江镇人民政府,金沙路东侧龙河路（开发路）南侧,70,挂牌出让,,663,,2016,2016年12,2016年12月12日,15463,2.75,42523.25,泰兴市滨江镇人民政府,,,,,,,,,,,,,,2018年6月12日,2020年12月12日
3110,其他普通商品住房用地,泰州市,泰州市本级,泰州经济开发区梅兰西路北侧、天虹路西侧,泰州经济开发区梅兰西路北侧、天虹路西侧,70,挂牌出让,,19900,,2016,2016年12,2016年12月8日,58082,1.2,69698.4,泰州市鑫通置业有限公司,,,,,,,,,,,,,,2017年12月8日,2019年12月8日
3113,中低价位、中小套型普通商品住房用地,泰州市,泰兴市,泰兴市裕元置业有限公司,黄桥镇金溪路东侧东进西路北侧,70,挂牌出让,,7138,,2016,2016年12,2016年12月7日,37127,2.4,89104.8,泰兴市裕元置业有限公司,,,,,,,,,,,,,,2018年6月7日,2020年12月7日
3132,其他普通商品住房用地,泰州市,泰州市本级,医药高新区海陵南路东侧、药城大道北侧,医药高新区海陵南路东侧、药城大道北侧,70,挂牌出让,,33200,,2016,2016年12,2016年12月1日,122113,1.62,197823.06,泰州华盛投资开发有限公司,,,,,,,,,,,,,,2017年12月1日,2020年12月1日
3205,中低价位、中小套型普通商品住房用地,泰州市,泰兴市,孙小祥、徐瑛,珊瑚镇八户村,70,协议出让,,6.279,,2016,2016年10,2016年10月27日,70,2.8,196,孙小祥、徐瑛,,,,,,,,,,,,,,2017年4月25日,2017年4月25日
3238,其他普通商品住房用地,泰州市,高港区,高港区扬子江路东侧、环港大道南侧,高港区扬子江路东侧、环港大道南侧,70,挂牌出让,,11400,,2016,2016年10,2016年10月13日,97094,1.42,137873.48,明发集团泰州房地产开发有限公司,,,,,,,,,,,,,,2017年10月13日,2020年10月13日
3274,中低价位、中小套型普通商品住房用地,泰州市,泰兴市,泰兴市滨江镇人民政府,滨江镇石桥村王元、杨郎、李北组,70,挂牌出让,,1525,,2016,2016年9月,2016年9月22日,35697,2,71394,泰兴市滨江镇人民政府,,,,,,,,,,,,,,2018年3月22日,2019年9月22日
3291,其他普通商品住房用地,泰州市,泰兴市,柳力志,黄桥镇东场村三组（银杏路86号）,70,协议出让,,19.13,,2016,2016年9月,2016年9月8日,104.3,4.75,495.425,柳力志,,,,,,,,,,,,,,2016年12月31日,2016年12月31日
3304,经济适用住房用地,泰州市,姜堰市,中天二村三期,罗塘街道院子村、太宇村,,划拨,,0,,2016,2016年8月,2016年8月29日,80370,2,160740,江苏中天正宜置业有限公司,,,,,,,,,,,,,,2016年8月29日,2018年2月28日
3314,其他普通商品住房用地,泰州市,兴化市,泰州万银房地产开发有限责任公司,兴化市文峰路西侧、城南路北侧,70,挂牌出让,,7300,,2016,2016年8月,2016年8月20日,45360.8,2,90721.6,泰州万银房地产开发有限责任公司,,,,,,,,,,,,,,2017年3月30日,2019年12月30日
3315,其他普通商品住房用地,泰州市,兴化市,兴化市诚园置业有限公司,兴化市文峰路西侧、高兴东公路南侧,70,挂牌出让,,9600,,2016,2016年8月,2016年8月20日,49734.4,2,99468.8,兴化市诚园置业有限公司,,,,,,,,,,,,,,2017年3月30日,2019年12月30日
3316,其他普通商品住房用地,泰州市,兴化市,兴化市明福置业有限公司,兴化市文峰路东侧、高兴东公路南侧,70,挂牌出让,,8400,,2016,2016年8月,2016年8月20日,41521.8,2,83043.6,兴化市明福置业有限公司,,,,,,,,,,,,,,2017年3月30日,2019年12月30日
3317,经济适用住房用地,泰州市,高港区,向阳人家一期,高港区口岸街道蔡滩社区境内,,划拨,,0,,2016,2016年8月,2016年8月19日,21398,1.12,23965.76,泰州市新港安居房发展中心,,,,,,,,,,,,,,2008年8月1日,2009年8月30日
3318,经济适用住房用地,泰州市,高港区,向阳人家二期,高港区口岸街道蔡滩社区境内,,划拨,,0,,2016,2016年8月,2016年8月19日,37016,1.12,41457.92,泰州市新港安居房发展中心,,,,,,,,,,,,,,2008年10月9日,2009年10月20日
3326,中低价位、中小套型普通商品住房用地,泰州市,泰兴市,泰兴市滨江镇人民政府,滨江镇大生村,70,挂牌出让,,1879,,2016,2016年8月,2016年8月18日,44081,2.5,110202.5,泰兴市滨江镇人民政府,,,,,,,,,,,,,,2018年2月18日,2019年8月18日
3354,其他普通商品住房用地,泰州市,靖江市,住宅（顾明等3人）,靖北四组,70,挂牌出让,,140,,2016,2016年8月,2016年8月4日,266.4,1.69,450.216,顾明、顾月明、徐恩九,,,,,,,,,,,,,,2017年4月4日,2018年10月4日
3371,经济适用住房用地,泰州市,高港区,港城花苑增加项目,高港区口岸街道境内,,划拨,,0,,2016,2016年7月,2016年7月26日,7902,1.76,13907.52,泰州市高港房地产开发公司,,,,,,,,,,,,,,2004年10月1日,2005年12月31日
3373,其他普通商品住房用地,泰州市,姜堰市,泰州市华达置业有限公司,姜堰区上海路东侧、陈庄路南侧,70,挂牌出让,,5878,,2016,2016年7月,2016年7月26日,43536,2.1,91425.6,泰州市华达置业有限公司,,,,,,,,,,,,,,2017年6月30日,2020年6月30日
3375,其他普通商品住房用地,泰州市,靖江市,商业、居住（碧桂园）,新洲路南侧，城东大道东侧,70,拍卖出让,,18800,,2016,2016年7月,2016年7月22日,69439,1.8,124990.2,靖江市碧桂园房地产开发有限公司,,,,,,,,,,,,,,2017年1月1日,2019年1月1日
3376,其他普通商品住房用地,泰州市,靖江市,商业、居住（碧桂园）,新洲路南侧，城东大道东侧,70,拍卖出让,,18700,,2016,2016年7月,2016年7月22日,69081,1.8,124345.8,靖江市碧桂园房地产开发有限公司,,,,,,,,,,,,,,2017年1月1日,2019年1月1日
3380,其他普通商品住房用地,泰州市,泰州市本级,泰州经济开发区梅兰西路南侧、南官河西侧,泰州经济开发区梅兰西路南侧、南官河西侧,70,挂牌出让,,24100,,2016,2016年7月,2016年7月21日,82170,1.29,105999.3,江苏金领投资管理有限公司,,,,,,,,,,,,,,2017年7月14日,2020年7月14日
3391,其他普通商品住房用地,泰州市,泰兴市,丁芹,文江北路西侧、龙河路南侧2号地块,40,挂牌出让,,27668,,2016,2016年7月,2016年7月15日,62723,2.5,156807.5,丁芹,,,,,,,,,,,,,,2017年10月15日,2020年4月15日
3392,其他普通商品住房用地,泰州市,泰兴市,泰州玉鸿投资发展有限公司,文江北路西侧、龙河路南侧1号地块,40,挂牌出让,,31568,,2016,2016年7月,2016年7月15日,69249,2.5,173122.5,泰州玉鸿投资发展有限公司,,,,,,,,,,,,,,2017年10月15日,2020年4月15日
3407,中低价位、中小套型普通商品住房用地,泰州市,泰兴市,泰兴市滨江镇人民政府,滨江镇石桥村李南组,70,挂牌出让,,600,,2016,2016年7月,2016年7月14日,13962,2.5,34905,泰兴市滨江镇人民政府,,,,,,,,,,,,,,2018年1月14日,2020年7月14日
3408,中低价位、中小套型普通商品住房用地,泰州市,泰兴市,泰兴市滨江镇人民政府,滨江镇长沟村,70,挂牌出让,,2130,,2016,2016年7月,2016年7月14日,49952,2.5,124880,泰兴市滨江镇人民政府,,,,,,,,,,,,,,2018年1月14日,2020年7月14日
3409,其他普通商品住房用地,泰州市,高港区,高港区王营路东侧、春港路南侧,高港区王营路东侧、春港路南侧,70,挂牌出让,,2700,,2016,2016年7月,2016年7月14日,74170,2.2,163174,江苏大江建设工程有限公司,,,,,,,,,,,,,,2017年7月14日,2020年7月14日
3411,经济适用住房用地,泰州市,兴化市,开源村集中居住区工程,兴化市开发区开源村、城南路北、经三路西,,划拨,,0,,2016,2016年7月,2016年7月14日,23212,2.24,51994.88,江苏省兴化经济开发区管理委员会,,,,,,,,,,,,,,2017年1月4日,2019年1月4日
3412,其他普通商品住房用地,泰州市,靖江市,住宅（郑国庆等14人）,柏木安置区西侧,70,挂牌出让,,1688,,2016,2016年7月,2016年7月12日,11254,1.2,13504.8,郑国庆、黄玺、缪辰、曹妍、陈钟灵、黄文广、陈云、陈乔霖、陶红、郑瑜、曹明芬、袁达科、黄文武、顾鹤,,,,,,,,,,,,,,2017年4月4日,2019年4月4日
3441,其他普通商品住房用地,泰州市,泰兴市,泰州弘宣物业管理有限公司,宣堡镇宣泰公路西侧、建工路北侧,70,挂牌出让,,248,,2016,2016年6月,2016年6月29日,2360,2,4720,泰州弘宣物业管理有限公司,,,,,,,,,,,,,,2017年12月29日,2020年6月29日
3442,其他普通商品住房用地,泰州市,泰兴市,季春凤,宣堡镇宣银路北侧、建设路西侧,70,挂牌出让,,13,,2016,2016年6月,2016年6月29日,139,2.24,311.36,季春凤,,,,,,,,,,,,,,2017年12月29日,2020年6月29日
3443,其他普通商品住房用地,泰州市,泰兴市,泰兴市隆兴房地产开发有限公司,黄桥镇十桥中路东侧、直来河南侧,70,挂牌出让,,7348,,2016,2016年6月,2016年6月29日,47221,1.4,66109.4,泰兴市隆兴房地产开发有限公司,,,,,,,,,,,,,,2017年12月29日,2020年6月29日
3444,其他普通商品住房用地,泰州市,泰兴市,泰兴市隆兴房地产开发有限公司,黄桥镇西河路西侧、银杏路北侧、定慧路东侧,70,挂牌出让,,6418,,2016,2016年6月,2016年6月29日,32184.29,2.2,70805.438,泰兴市隆兴房地产开发有限公司,,,,,,,,,,,,,,2017年12月29日,2020年6月29日
3467,其他普通商品住房用地,泰州市,姜堰市,蒋亚飞、拜粉喜、孙守龙、孙鹏、仇锦华,汤河北侧、前进路西侧,70,挂牌出让,,820,,2016,2016年6月,2016年6月16日,2516,1.1,2767.6,蒋亚飞、拜粉喜、孙守龙、孙鹏、仇锦华,,,,,,,,,,,,,,2016年10月20日,2018年10月20日
3475,其他普通商品住房用地,泰州市,兴化市,兴化市鑫源置业有限公司,兴化市安丰镇新北郊村、北环路南侧,70,挂牌出让,,1956,,2016,2016年6月,2016年6月13日,10000,1.4,14000,兴化市鑫源置业有限公司,,,,,,,,,,,,,,2016年11月20日,2018年11月20日
3485,经济适用住房用地,泰州市,高港区,向阳人家增加项目,高港区口岸街道蔡滩社区境内,,划拨,,0,,2016,2016年6月,2016年6月2日,1653,1.12,1851.36,泰州市新港安居房发展中心,,,,,,,,,,,,,,2007年12月18日,2008年6月18日
3486,其他普通商品住房用地,泰州市,兴化市,兴化市顺和房地产开发有限公司,兴化市安丰镇程关东路南侧,70,挂牌出让,,960,,2016,2016年6月,2016年6月1日,5085,1.99,10119.15,兴化市顺和房地产开发有限公司,,,,,,,,,,,,,,2016年11月11日,2018年11月11日
3499,经济适用住房用地,泰州市,高港区,新城花园二期安置房,高港区许庄街道马厂社区境内,,划拨,,0,,2016,2016年5月,2016年5月16日,51863,1.31,67940.53,泰州市高港高新区开发建设有限责任公司,,,,,,,,,,,,,,2016年5月31日,2018年5月31日
3501,其他普通商品住房用地,泰州市,泰兴市,泰兴市东来房产有限公司,河失镇学府路南侧,70,挂牌出让,,360,,2016,2016年5月,2016年5月16日,5901,1.1,6491.1,泰兴市东来房产有限公司,,,,,,,,,,,,,,2017年11月16日,2020年5月16日
3502,其他普通商品住房用地,泰州市,泰兴市,泰兴市东来房产有限公司,河失镇学府路南侧、兴业路东侧,70,挂牌出让,,858,,2016,2016年5月,2016年5月16日,14275,1.1,15702.5,泰兴市东来房产有限公司,,,,,,,,,,,,,,2017年11月16日,2020年5月16日
3503,其他普通商品住房用地,泰州市,泰兴市,泰兴市东来房产有限公司,河失镇学府路南侧,70,挂牌出让,,710,,2016,2016年5月,2016年5月16日,11824,1.1,13006.4,泰兴市东来房产有限公司,,,,,,,,,,,,,,2017年11月16日,2020年5月16日
3524,其他普通商品住房用地,泰州市,泰州市本级,医药高新区海陵南路东侧、药城大道南侧,医药高新区海陵南路东侧、药城大道南侧,70,挂牌出让,,26600,,2016,2016年5月,2016年5月5日,58141,3,174423,泰州华信药业投资有限公司,,,,,,,,,,,,,,2017年5月5日,2020年5月5日
3525,其他普通商品住房用地,泰州市,泰州市本级,医药高新区药城大道南侧、工业邻里中心西侧,医药高新区药城大道南侧、工业邻里中心西侧,70,挂牌出让,,11700,,2016,2016年5月,2016年5月5日,26218,3,78654,泰州华信药业投资有限公司,,,,,,,,,,,,,,2017年5月5日,2020年5月5日
3526,其他普通商品住房用地,泰州市,泰州市本级,医药高新区仲野路北侧、会展路东侧,医药高新区仲野路北侧、会展路东侧,70,挂牌出让,,15300,,2016,2016年5月,2016年5月5日,34380,3,103140,泰州华信药业投资有限公司,,,,,,,,,,,,,,2017年5月5日,2020年5月5日
3527,其他普通商品住房用地,泰州市,泰州市本级,医药高新区海陵南路东侧约300米、药城大道南侧,医药高新区海陵南路东侧约300米、药城大道南侧,70,挂牌出让,,28000,,2016,2016年5月,2016年5月5日,61693,3,185079,泰州华信药业投资有限公司,,,,,,,,,,,,,,2017年5月5日,2020年5月5日
3532,其他普通商品住房用地,泰州市,姜堰市,宋元东,姜堰区上海路西侧、老通扬运河北侧,70,挂牌出让,,752,,2016,2016年4月,2016年4月29日,5445,1.1,5989.5,宋元东,,,,,,,,,,,,,,2016年12月19日,2018年12月18日
3534,其他普通商品住房用地,泰州市,兴化市,张明雪,兴化市大垛镇从六村、公园路南侧,70,挂牌出让,,151,,2016,2016年4月,2016年4月29日,1207.2,1.97,2378.184,张明雪,,,,,,,,,,,,,,2016年10月19日,2017年10月19日
3535,经济适用住房用地,泰州市,兴化市,张万村农民新区安置房,兴化市戴南镇张万村,,划拨,,0,,2016,2016年4月,2016年4月29日,30634.6,1.19,36455.174,兴化市东南城市建设投资有限公司,,,,,,,,,,,,,,2016年10月19日,2018年10月19日
3536,经济适用住房用地,泰州市,兴化市,茅山镇西河雅苑安置房项目,兴化市茅山镇茅山西村外环路东侧,,划拨,,0,,2016,2016年4月,2016年4月29日,29188.7,1.7,49620.79,兴化市茅山镇人民政府,,,,,,,,,,,,,,2016年10月19日,2018年10月19日
3537,其他普通商品住房用地,泰州市,姜堰市,泰州市中天房地产开发有限公司,姜堰区二布厂路南侧、河南大街西侧,70,挂牌出让,,4712,,2016,2016年4月,2016年4月28日,18478,2.1,38803.8,泰州市中天房地产开发有限公司,,,,,,,,,,,,,,2016年9月30日,2019年9月30日
3538,其他普通商品住房用地,泰州市,姜堰市,泰州市中天房地产开发有限公司,姜堰区花园路南侧、河南大街西侧,70,挂牌出让,,14008,,2016,2016年4月,2016年4月28日,51880,2.1,108948,泰州市中天房地产开发有限公司,,,,,,,,,,,,,,2016年9月30日,2019年9月30日
3539,其他普通商品住房用地,泰州市,姜堰市,泰州市中天房地产开发有限公司,姜堰区花园路南侧、河南大街东侧,70,挂牌出让,,11265,,2016,2016年4月,2016年4月28日,42191,2.1,88601.1,泰州市中天房地产开发有限公司,,,,,,,,,,,,,,2016年9月30日,2019年9月30日
3540,经济适用住房用地,泰州市,泰州市本级,军甫安置小区,泰州医药高新区寺巷镇寺巷村境内,,划拨,,0,,2016,2016年4月,2016年4月26日,51338,1.3,66739.4,泰州市新泰建设发展有限公司,,,,,,,,,,,,,,2008年3月1日,2009年1月31日
3542,经济适用住房用地,泰州市,兴化市,锦绣南苑安置房,兴化市戴南镇团结路北侧,,划拨,,0,,2016,2016年4月,2016年4月22日,9472,1.43,13544.96,兴化市戴南镇东南镇建设投资有限公司,,,,,,,,,,,,,,2016年10月12日,2018年10月12日
3544,经济适用住房用地,泰州市,兴化市,菱池路安置房工程,兴化市菱池路南侧、英武北路东侧,,划拨,,0,,2016,2016年4月,2016年4月22日,3120,2.82,8798.4,兴化市经济适用住房建设有限公司,,,,,,,,,,,,,,2016年7月12日,2017年7月12日
3560,其他普通商品住房用地,泰州市,靖江市,住宅（北辰城乡投资建设有限公司）,城北园区王庄组，城东大道西侧,70,拍卖出让,,6770,,2016,2016年4月,2016年4月8日,57845,2,115690,靖江市北辰城乡投资建设有限公司,,,,,,,,,,,,,,2016年10月1日,2018年10月1日
3561,其他普通商品住房用地,泰州市,靖江市,商住（北辰投资建设有限公司）,东兴北路与纬六路交界西南角,70,拍卖出让,,856,,2016,2016年4月,2016年4月8日,5885,1.52,8945.2,靖江市北辰城乡投资建设有限公司,,,,,,,,,,,,,,2016年10月1日,2018年10月1日
3562,其他普通商品住房用地,泰州市,靖江市,商住（北辰投资建设有限公司）,东兴北路与纬五路交界西南角,70,拍卖出让,,1650,,2016,2016年4月,2016年4月8日,10769,1.74,18738.06,靖江市北辰城乡投资建设有限公司,,,,,,,,,,,,,,2016年10月1日,2018年10月1日
3563,其他普通商品住房用地,泰州市,靖江市,居住（北辰投资建设有限公司）,园山路南侧,70,拍卖出让,,1200,,2016,2016年4月,2016年4月8日,15337,1.01,15490.37,靖江市北辰城乡投资建设有限公司,,,,,,,,,,,,,,2016年10月1日,2018年10月1日
3564,其他普通商品住房用地,泰州市,靖江市,住宅（北辰投资建设有限公司）,新建北路西侧,70,拍卖出让,,865,,2016,2016年4月,2016年4月8日,5245,1.31,6870.95,靖江市北辰城乡投资建设有限公司,,,,,,,,,,,,,,2016年10月1日,2018年10月1日
3565,其他普通商品住房用地,泰州市,靖江市,住宅（北辰投资建设有限公司）,纺织路北侧,70,拍卖出让,,3313,,2016,2016年4月,2016年4月8日,18408,1.6,29452.8,靖江市北辰城乡投资建设有限公司,,,,,,,,,,,,,,2016年10月1日,2018年10月1日
3566,其他普通商品住房用地,泰州市,靖江市,住宅（北辰投资建设有限公司）,园山路南侧,70,拍卖出让,,600,,2016,2016年4月,2016年4月8日,7619,1.01,7695.19,靖江市北辰城乡投资建设有限公司,,,,,,,,,,,,,,2016年10月1日,2018年10月1日
3567,其他普通商品住房用地,泰州市,靖江市,商住（北辰投资建设有限公司）,园山路北侧,70,拍卖出让,,5170,,2016,2016年4月,2016年4月8日,39156,3,117468,靖江市北辰城乡投资建设有限公司,,,,,,,,,,,,,,2016年10月1日,2018年10月1日
3568,其他普通商品住房用地,泰州市,靖江市,住宅（北辰投资建设有限公司）,园山路南侧,70,拍卖出让,,1253,,2016,2016年4月,2016年4月8日,16066,1.01,16226.66,靖江市北辰城乡投资建设有限公司,,,,,,,,,,,,,,2016年10月1日,2018年10月1日
3571,其他普通商品住房用地,泰州市,靖江市,住宅（北辰投资建设有限公司）,东兴北路西侧,70,拍卖出让,,3203,,2016,2016年4月,2016年4月8日,24830,1.15,28554.5,靖江市北辰城乡投资建设有限公司,,,,,,,,,,,,,,2016年10月1日,2018年10月1日
3573,其他普通商品住房用地,泰州市,靖江市,居住（黄红建等六人）,虹兴路南侧,70,拍卖出让,,955,,2016,2016年4月,2016年4月4日,2387,1.5,3580.5,黄红建、范双燕、王芳、夏萍、肖爱平、朱凌西,,,,,,,,,,,,,,2016年9月30日,2018年3月30日
3574,其他普通商品住房用地,泰州市,靖江市,居住（于红灿）,靖安路北侧，渔婆路东侧,70,拍卖出让,,130,,2016,2016年4月,2016年4月4日,218.6,1.7,371.62,于红灿,,,,,,,,,,,,,,2016年9月30日,2018年9月30日
3575,其他普通商品住房用地,泰州市,靖江市,居住（朱建明等十人）,西郊公园南侧，朱大路东侧,70,拍卖出让,,2100,,2016,2016年4月,2016年4月4日,5197,1.2,6236.4,朱建明、黄振兴、包正国、陈燕、陆澎、郑建明、朱红梅、刘雪梅、吴宏伟、陆秋,,,,,,,,,,,,,,2016年9月30日,2018年9月30日
3576,其他普通商品住房用地,泰州市,靖江市,住宅（叶苏明等十人）,横港北路北侧,70,拍卖出让,,941,,2016,2016年4月,2016年4月4日,2581.8,1.4,3614.52,叶苏明、刘璐、闻月梅、熊晓凤、环晓蔚、孙颖、沈红美、朱亚、韩卫民、史佳凝,,,,,,,,,,,,,,2016年9月30日,2018年3月30日
3578,其他普通商品住房用地,泰州市,靖江市,住宅（叶苏明等十人）,横港北路北侧,70,拍卖出让,,519,,2016,2016年4月,2016年4月4日,1425.8,1.2,1710.96,叶苏明、刘璐、闻月梅、熊晓凤、环晓蔚、孙颖、沈红美、朱亚、韩卫民、史佳凝,,,,,,,,,,,,,,2016年9月30日,2018年3月30日
3585,经济适用住房用地,泰州市,泰州市本级,梅兰安置区工程项目,泰州医药高新区寺巷镇东明村境内,,划拨,,0,,2016,2016年3月,2016年3月30日,52870,1.79,94637.3,泰州市新泰建设发展有限公司,,,,,,,,,,,,,,2016年4月1日,2017年2月28日
3611,其他普通商品住房用地,泰州市,兴化市,卜金贵,兴化市大垛镇文化北路西侧,70,挂牌出让,,230,,2016,2016年3月,2016年3月5日,584.9,1.87,1093.763,卜金贵,,,,,,,,,,,,,,2016年8月24日,2017年8月24日
3616,中低价位、中小套型普通商品住房用地,泰州市,靖江市,（三峰安置）靖江新港城投资建设有限公司,西来镇泥桥村,,划拨,,0,,2016,2016年3月,2016年3月4日,3468,2,6936,靖江新港城投资建设有限公司,,,,,,,,,,,,,,2016年12月31日,2019年6月30日
3625,中低价位、中小套型普通商品住房用地,泰州市,泰兴市,泰兴市裕元置业有限公司,黄桥镇金溪路东侧、东进西路北侧地块,70,挂牌出让,,2126,,2016,2016年2月,2016年2月26日,15402.6,1.1,16942.86,泰兴市裕元置业有限公司,,,,,,,,,,,,,,2017年8月26日,2020年2月26日
3626,中低价位、中小套型普通商品住房用地,泰州市,泰兴市,泰兴市恒润置业有限公司,黄桥镇十桥中路178号,70,挂牌出让,,5088,,2016,2016年2月,2016年2月26日,30865.8,1.6,49385.28,泰兴市恒润置业有限公司,,,,,,,,,,,,,,2017年8月26日,2020年2月26日
3630,中低价位、中小套型普通商品住房用地,泰州市,泰兴市,季正广,黄桥镇东岳路南侧、团结中沟西侧地块,70,挂牌出让,,465,,2016,2016年2月,2016年2月26日,2636.6,2,5273.2,季正广,,,,,,,,,,,,,,2017年8月26日,2020年2月26日
3631,其他普通商品住房用地,泰州市,泰州市本级,医药高新区泰镇路东侧约200米、时仙路北侧,医药高新区泰镇路东侧约200米、时仙路北侧,70,挂牌出让,,13800,,2016,2016年2月,2016年2月25日,50721,3,152163,泰州市新滨江开发有限责任公司,,,,,,,,,,,,,,2017年2月25日,2020年2月25日
3632,其他普通商品住房用地,泰州市,泰州市本级,医药高新区鼓楼南路西侧、周山河南侧,医药高新区鼓楼南路西侧、周山河南侧,70,挂牌出让,,25700,,2016,2016年2月,2016年2月25日,47336,3,142008,泰州新区新农村建设投资发展有限公司,,,,,,,,,,,,,,2017年2月25日,2020年2月25日
3633,其他普通商品住房用地,泰州市,泰州市本级,医药高新区药城大道南侧、会展6号支路西侧,医药高新区药城大道南侧、会展6号支路西侧,70,挂牌出让,,7000,,2016,2016年2月,2016年2月25日,16864,3,50592,泰州市新滨江开发有限责任公司,,,,,,,,,,,,,,2017年2月25日,2020年2月25日
3634,其他普通商品住房用地,泰州市,泰州市本级,医药高新区药城大道南侧、会展路东侧,医药高新区药城大道南侧、会展路东侧,70,挂牌出让,,6500,,2016,2016年2月,2016年2月25日,15808,3,47424,泰州市新滨江开发有限责任公司,,,,,,,,,,,,,,2017年2月25日,2020年2月25日
3635,其他普通商品住房用地,泰州市,泰州市本级,医药高新区引江河路东侧、疏港路北侧,医药高新区引江河路东侧、疏港路北侧,70,挂牌出让,,1170,,2016,2016年2月,2016年2月25日,4764,3,14292,泰州市新滨江开发有限责任公司,,,,,,,,,,,,,,2017年2月25日,2020年2月25日
3636,其他普通商品住房用地,泰州市,泰州市本级,医药高新区泰镇路东侧约100米、疏港路北侧,医药高新区泰镇路东侧约100米、疏港路北侧,70,挂牌出让,,6500,,2016,2016年2月,2016年2月25日,22269,3,66807,泰州市新滨江开发有限责任公司,,,,,,,,,,,,,,2017年2月25日,2020年2月25日
3650,其他普通商品住房用地,泰州市,靖江市,商住（龙信房地产）,人民南路西侧，苏源热电路北侧,70,挂牌出让,,9800,,2016,2016年2月,2016年2月4日,56679,1.9,107690.1,龙信房地产（靖江）有限公司,,,,,,,,,,,,,,2016年7月30日,2018年7月30日
3664,其他普通商品住房用地,泰州市,兴化市,陈定柏,兴化市海南镇环镇南路北侧,70,挂牌出让,,1302,,2016,2016年1月,2016年1月29日,17294.6,1.95,33724.47,陈定柏,,,,,,,,,,,,,,2016年7月19日,2018年7月19日
3665,其他普通商品住房用地,泰州市,高港区,高港区金港北路东侧、银杏路南侧,高港区金港北路东侧、银杏路南侧,70,挂牌出让,,10700,,2016,2016年1月,2016年1月28日,47245,2,94490,姜明跃刘长军,,,,,,,,,,,,,,2017年1月28日,2019年1月28日
3686,其他普通商品住房用地,泰州市,靖江市,商住（江苏商茂置业）,江山路南侧，东环路东侧,70,挂牌出让,,4900,,2016,2016年1月,2016年1月23日,40892,1.97,80557.24,江苏省商茂置业有限公司,,,,,,,,,,,,,,2016年8月1日,2018年8月1日
3691,中低价位、中小套型普通商品住房用地,泰州市,泰兴市,泰州润剑动力设备有限公司,分界镇繁荣南路东侧,70,挂牌出让,,98,,2016,2016年1月,2016年1月21日,1255,1.5,1882.5,泰州润剑动力设备有限公司,,,,,,,,,,,,,,2017年7月21日,2020年7月21日
3693,其他普通商品住房用地,泰州市,靖江市,商业、住宅（陈灿宏）,新建路西侧，安宁路北侧,70,拍卖出让,,8300,,2016,2016年1月,2016年1月20日,19079,2.22,42355.38,陈灿宏,,,,,,,,,,,,,,2016年8月1日,2018年4月1日
3696,其他普通商品住房用地,泰州市,靖江市,商住（徐宏等8人）,靖江市东环南路东侧，横港北侧,70,挂牌出让,,1880,,2016,2016年1月,2016年1月15日,6922,1.2,8306.4,徐宏、印舰平、王剑、陆卫星、沐俊浩、陈刚、黄桂萍、马炳余,,,,,,,,,,,,,,2016年7月1日,2018年7月1日
3700,经济适用住房用地,泰州市,泰州市本级,康和学校东侧地块安置房,泰州医药高新区野徐镇褚雅村境内,,划拨,,0,,2016,2016年1月,2016年1月11日,81629,1.69,137953.01,泰州华信药业投资有限公司,,,,,,,,,,,,,,2016年7月1日,2017年12月31日
3712,其他普通商品住房用地,泰州市,靖江市,商住（华鼎投资）,新港城兴阜路南侧,70,拍卖出让,,4750,,2015,2015年12,2015年12月29日,38944,2,77888,靖江市华鼎投资建设有限公司,,,,,,,,,,,,,,2016年7月1日,2018年7月1日
3714,其他普通商品住房用地,泰州市,靖江市,商住（华鼎投资）,章春港路西侧,70,拍卖出让,,5900,,2015,2015年12,2015年12月29日,47737,2,95474,靖江市华鼎投资建设有限公司,,,,,,,,,,,,,,2016年7月1日,2018年7月1日
3715,其他普通商品住房用地,泰州市,靖江市,住宅（华鼎投资）,新港城公兴河北侧，星港路西侧,70,拍卖出让,,7060,,2015,2015年12,2015年12月29日,62721,2,125442,靖江市华鼎投资建设有限公司,,,,,,,,,,,,,,2016年7月1日,2018年7月1日
3716,其他普通商品住房用地,泰州市,靖江市,商住（华鼎投资）,章春港路西侧,70,拍卖出让,,6780,,2015,2015年12,2015年12月29日,54816,2,109632,靖江市华鼎投资建设有限公司,,,,,,,,,,,,,,2016年7月1日,2018年7月1日
3717,其他普通商品住房用地,泰州市,靖江市,商住（华鼎投资）,章春港路西侧,70,拍卖出让,,6360,,2015,2015年12,2015年12月29日,51662,2,103324,靖江市华鼎投资建设有限公司,,,,,,,,,,,,,,2016年7月1日,2018年7月1日
3758,其他普通商品住房用地,泰州市,海陵区,海陵区森园路南侧、江州北路东侧,海陵区森园路南侧、江州北路东侧,70,挂牌出让,,20200,,2015,2015年12,2015年12月24日,49981,3,149943,泰州市海陵资产经营有限公司,,,,,,,,,,,,,,2016年12月24日,2019年12月24日
3759,其他普通商品住房用地,泰州市,泰州市本级,医药高新区周山河南侧、泰白线东侧,医药高新区周山河南侧、泰白线东侧,70,挂牌出让,,39200,,2015,2015年12,2015年12月24日,90230,3,270690,泰州新区新农村建设投资发展有限公司,,,,,,,,,,,,,,2016年12月24日,2019年12月24日
3760,其他普通商品住房用地,泰州市,泰州市本级,医药高新区鼓楼南路东侧、周山河南侧,医药高新区鼓楼南路东侧、周山河南侧,70,挂牌出让,,7400,,2015,2015年12,2015年12月24日,13605,3,40815,泰州新区新农村建设投资发展有限公司,,,,,,,,,,,,,,2016年12月24日,2019年12月24日
3761,其他普通商品住房用地,泰州市,泰州市本级,医药高新区泰州大道西侧、周山河南侧,医药高新区泰州大道西侧、周山河南侧,70,挂牌出让,,20000,,2015,2015年12,2015年12月24日,36992,3,110976,泰州新区新农村建设投资发展有限公司,,,,,,,,,,,,,,2016年12月24日,2019年12月24日
3762,其他普通商品住房用地,泰州市,泰州市本级,医药高新区前进河东侧约60米、周山河北侧,医药高新区前进河东侧约60米、周山河北侧,70,挂牌出让,,24800,,2015,2015年12,2015年12月24日,53261,3,159783,泰州新区新农村建设投资发展有限公司,,,,,,,,,,,,,,2016年12月24日,2019年12月24日
3763,其他普通商品住房用地,泰州市,泰州市本级,医药高新区泰州大道西侧、周山河北侧,医药高新区泰州大道西侧、周山河北侧,70,挂牌出让,,16300,,2015,2015年12,2015年12月24日,30143,3,90429,泰州新区新农村建设投资发展有限公司,,,,,,,,,,,,,,2016年12月24日,2019年12月24日
3764,其他普通商品住房用地,泰州市,泰州市本级,医药高新区鼓楼南路西侧、周山河北侧,医药高新区鼓楼南路西侧、周山河北侧,70,挂牌出让,,11200,,2015,2015年12,2015年12月24日,20683,3,62049,泰州新区新农村建设投资发展有限公司,,,,,,,,,,,,,,2016年12月24日,2019年12月24日
3765,其他普通商品住房用地,泰州市,海陵区,海陵区九龙镇振兴路北侧、龙园路西侧,海陵区九龙镇振兴路北侧、龙园路西侧,70,挂牌出让,,19300,,2015,2015年12,2015年12月24日,49452,3,148356,泰州市海润国有资产经营有限公司,,,,,,,,,,,,,,2016年12月24日,2019年12月24日
3766,其他普通商品住房用地,泰州市,海陵区,海陵区九龙镇龙翔路东侧、西堤阳光小区北侧,海陵区九龙镇龙翔路东侧、西堤阳光小区北侧,70,挂牌出让,,23300,,2015,2015年12,2015年12月24日,63219,3,189657,泰州市海润国有资产经营有限公司,,,,,,,,,,,,,,2016年12月24日,2019年12月24日
3767,其他普通商品住房用地,泰州市,海陵区,海陵区九龙镇引江河西侧约250米、西堤阳光小区北侧,海陵区九龙镇引江河西侧约250米、西堤阳光小区北侧,70,挂牌出让,,10900,,2015,2015年12,2015年12月24日,28921,3,86763,泰州市海润国有资产经营有限公司,,,,,,,,,,,,,,2016年12月24日,2019年12月24日
3768,其他普通商品住房用地,泰州市,海陵区,海陵区九龙镇龙翔路东侧、规划18米道路北侧约50米,海陵区九龙镇龙翔路东侧、规划18米道路北侧约50米,70,挂牌出让,,13000,,2015,2015年12,2015年12月24日,34456,3,103368,泰州市海润国有资产经营有限公司,,,,,,,,,,,,,,2016年12月24日,2019年12月24日
3771,其他普通商品住房用地,泰州市,海陵区,海陵区海阳东路北侧、规划智堡路西侧,海陵区海阳东路北侧、规划智堡路西侧,70,挂牌出让,,40000,,2015,2015年12,2015年12月24日,85989,3.3,283763.7,泰州市海陵房产开发公司,,,,,,,,,,,,,,2016年12月24日,2019年12月24日
3816,其他普通商品住房用地,泰州市,兴化市,兴化市银泉置业有限公司,兴化市张郭镇赵万村、文昌路北侧、同济路西侧,70,挂牌出让,,5360,,2015,2015年11,2015年11月27日,42952.1,2.1,90199.41,兴化市银泉置业有限公司,,,,,,,,,,,,,,2016年5月6日,2018年5月6日
3817,其他普通商品住房用地,泰州市,泰兴市,泰兴市中泰城市建设投资有限公司,羌溪河东侧、兴南路南侧,70,挂牌出让,,35494,,2015,2015年11,2015年11月26日,57319,2.5,143297.5,泰兴市中泰城市建设投资有限公司,,,,,,,,,,,,,,2017年5月26日,2018年11月26日
3818,其他普通商品住房用地,泰州市,泰兴市,泰兴市中泰城市建设投资有限公司,羌溪河东侧、兴南路南侧,70,挂牌出让,,22524,,2015,2015年11,2015年11月26日,36314,2.5,90785,泰兴市中泰城市建设投资有限公司,,,,,,,,,,,,,,2017年5月26日,2018年11月26日
3819,其他普通商品住房用地,泰州市,泰兴市,泰兴市中泰城市建设投资有限公司,东风河北侧、老龙河西侧,70,挂牌出让,,41418,,2015,2015年11,2015年11月26日,66908,2.5,167270,泰兴市中泰城市建设投资有限公司,,,,,,,,,,,,,,2017年5月26日,2018年11月26日
3820,其他普通商品住房用地,泰州市,海陵区,海陵区春晖路西侧、康桥水岸北侧,海陵区春晖路西侧、康桥水岸北侧,70,挂牌出让,,45000,,2015,2015年11,2015年11月26日,92295,3,276885,泰州高教投资发展有限公司,,,,,,,,,,,,,,2016年11月26日,2019年11月26日
3821,其他普通商品住房用地,泰州市,海陵区,海陵区东风南路东侧、体育馆南侧,海陵区东风南路东侧、体育馆南侧,70,挂牌出让,,32300,,2015,2015年11,2015年11月26日,62539,3,187617,泰州高教投资发展有限公司,,,,,,,,,,,,,,2016年11月26日,2019年11月26日
3822,其他普通商品住房用地,泰州市,海陵区,海陵区济川东路南侧约220米、春晖路西侧,海陵区济川东路南侧约220米、春晖路西侧,70,挂牌出让,,8000,,2015,2015年11,2015年11月26日,15965,3,47895,泰州高教投资发展有限公司,,,,,,,,,,,,,,2016年11月26日,2019年11月26日
3823,其他普通商品住房用地,泰州市,海陵区,海陵区济川东路南侧约430米、春晖路西侧,海陵区济川东路南侧约430米、春晖路西侧,70,挂牌出让,,29300,,2015,2015年11,2015年11月26日,56850,3,170550,泰州高教投资发展有限公司,,,,,,,,,,,,,,2016年11月26日,2019年11月26日
3828,其他普通商品住房用地,泰州市,泰兴市,泰兴市中泰城市建设投资有限公司,羌溪河西侧、兴南路南侧,70,挂牌出让,,38268,,2015,2015年11,2015年11月19日,61806,2.5,154515,泰兴市中泰城市建设投资有限公司,,,,,,,,,,,,,,2017年5月20日,2018年11月20日
3829,其他普通商品住房用地,泰州市,泰兴市,泰兴市中泰城市建设投资有限公司,羌溪河西侧、兴南路北侧,70,挂牌出让,,24118,,2015,2015年11,2015年11月19日,38896,2.5,97240,泰兴市中泰城市建设投资有限公司,,,,,,,,,,,,,,2017年5月20日,2018年11月20日
3830,其他普通商品住房用地,泰州市,泰州市本级,医药高新区泰州大道东侧、健康大道南侧,医药高新区泰州大道东侧、健康大道南侧,70,挂牌出让,,58300,,2015,2015年11,2015年11月19日,133336,3,400008,泰州华信药业投资有限公司,,,,,,,,,,,,,,2016年11月19日,2019年11月19日
3831,其他普通商品住房用地,泰州市,泰州市本级,医药高新区健康大道南侧、规划会展路西侧,医药高新区健康大道南侧、规划会展路西侧,70,挂牌出让,,40000,,2015,2015年11,2015年11月19日,91438,3,274314,泰州华信药业投资有限公司,,,,,,,,,,,,,,2016年11月19日,2019年11月19日
3835,其他普通商品住房用地,泰州市,兴化市,泰州新兴建设实业有限公司,兴化市竹泓镇市场北路两侧,70,挂牌出让,,1277,,2015,2015年11,2015年11月16日,9604.9,1.5,14407.35,泰州新兴建设实业有限公司,,,,,,,,,,,,,,2016年5月6日,2018年5月6日
3860,其他普通商品住房用地,泰州市,靖江市,住宅（靖江市东方置业有限公司）,虹兴路北侧，城东大道西侧,70,挂牌出让,,4860,,2015,2015年10,2015年10月30日,16182,1.2,19418.4,靖江市东方置业有限公司,,,,,,,,,,,,,,2016年4月1日,2018年4月1日
3863,中低价位、中小套型普通商品住房用地,泰州市,靖江市,江苏景龙园现代农业投资开发有限公司,靖城镇木金村,,划拨,,0,,2015,2015年10,2015年10月30日,21705,2,43410,江苏景龙园现代农业投资开发有限公司,,,,,,,,,,,,,,2016年7月30日,2018年12月30日
3864,公共租赁住房用地,泰州市,泰州市本级,工业邻里中心,泰州医药高新区寺巷街道二桥村境内,,划拨,,0,,2015,2015年10,2015年10月30日,69587,2.39,166312.93,泰州华信药业投资有限公司,,,,,,,,,,,,,,2015年11月9日,2017年1月16日
3865,其他普通商品住房用地,泰州市,海陵区,海陵区九龙镇龙园路东侧、振兴路北侧,海陵区九龙镇龙园路东侧、振兴路北侧,70,挂牌出让,,14600,,2015,2015年10,2015年10月29日,40594,3,121782,泰州市金太阳能源有限公司,,,,,,,,,,,,,,2016年10月29日,2019年10月29日
3866,其他普通商品住房用地,泰州市,海陵区,海陵区九龙镇龙翔路东侧、振兴路南侧,海陵区九龙镇龙翔路东侧、振兴路南侧,70,挂牌出让,,4850,,2015,2015年10,2015年10月29日,13724,3,41172,泰州市金太阳能源有限公司,,,,,,,,,,,,,,2016年10月29日,2019年10月29日
3871,中低价位、中小套型普通商品住房用地,泰州市,泰兴市,江苏恒富地产有限公司,黄桥镇定慧路东侧、东华村路北侧,70,挂牌出让,,6948,,2015,2015年10,2015年10月22日,38583,1.9,73307.7,江苏恒富地产有限公司,,,,,,,,,,,,,,2017年2月22日,2019年8月22日
3873,中低价位、中小套型普通商品住房用地,泰州市,泰兴市,江苏润华置业发展有限公司,黄桥镇西河路东侧、银杏路北侧,70,挂牌出让,,7635,,2015,2015年10,2015年10月22日,58236.5,1.5,87354.75,江苏润华置业发展有限公司,,,,,,,,,,,,,,2017年2月22日,2019年8月22日
3892,其他普通商品住房用地,泰州市,高港区,高港区王营河路东侧、春港路北侧,高港区王营河路东侧、春港路北侧,70,挂牌出让,,19000,,2015,2015年10,2015年10月15日,95013,1.7,161522.1,泰州宇达置业有限公司,,,,,,,,,,,,,,2016年10月15日,2019年10月15日
3904,中低价位、中小套型普通商品住房用地,泰州市,靖江市,(城南花苑南区)靖江市城乡建设有限公司,靖城镇六圩村24、25、26组,,划拨,,0,,2015,2015年10,2015年10月8日,54544,1.34,73088.96,靖江市城乡建设有限公司,,,,,,,,,,,,,,2017年4月30日,2020年4月30日
3924,经济适用住房用地,泰州市,泰州市本级,东谢棚户区改造安置区,泰州医药高新区凤凰街道东谢村境内,,划拨,,0,,2015,2015年9月,2015年9月22日,30462,1.53,46606.86,泰州市新开城建项目投资管理有限公司,,,,,,,,,,,,,,2015年9月28日,2017年12月31日
3932,其他普通商品住房用地,泰州市,兴化市,姚秋香,兴化市张郭镇赵万村、戴南镇北姜村、戴张连接线北侧,70,挂牌出让,,5065,,2015,2015年9月,2015年9月18日,45800.3,1.7,77860.51,姚秋香,,,,,,,,,,,,,,2016年2月27日,2019年2月27日
3933,其他普通商品住房用地,泰州市,兴化市,姚秋香,兴化市张郭镇赵万村、戴南镇北姜村、戴张连接线北侧,70,挂牌出让,,6016,,2015,2015年9月,2015年9月18日,56280.6,1.7,95677.02,姚秋香,,,,,,,,,,,,,,2016年2月27日,2019年2月27日
3945,中低价位、中小套型普通商品住房用地,泰州市,靖江市,靖江市新桥城乡建设有限公司5,新桥镇太和村,,划拨,,0,,2015,2015年9月,2015年9月14日,32579,2,65158,靖江市新桥城乡建设有限公司5,,,,,,,,,,,,,,2017年9月30日,2019年9月30日
3946,中低价位、中小套型普通商品住房用地,泰州市,靖江市,靖江市东兴镇人民政府,东兴镇合兴村,,划拨,,0,,2015,2015年9月,2015年9月14日,30254,2,60508,靖江市东兴镇人民政府,,,,,,,,,,,,,,2017年6月30日,2020年6月30日
3947,中低价位、中小套型普通商品住房用地,泰州市,靖江市,靖江市华晟投资发展有限公司,孤山镇王庄村,,划拨,,0,,2015,2015年9月,2015年9月14日,57845,2,115690,靖江市华晟投资发展有限公司,,,,,,,,,,,,,,2017年9月30日,2020年9月30日
3951,中低价位、中小套型普通商品住房用地,泰州市,靖江市,（三峰安置）靖江市西来镇人民政府1,西来镇泥桥村,,划拨,,0,,2015,2015年9月,2015年9月14日,3468,2,6936,靖江市西来镇人民政府1,,,,,,,,,,,,,,2016年12月30日,2018年12月30日
3962,中低价位、中小套型普通商品住房用地,泰州市,靖江市,（太东安置区）靖江市新桥城乡建设有限公司,新桥镇太东村,,划拨,,0,,2015,2015年9月,2015年9月11日,21721,2,43442,靖江市新桥城乡建设有限公司,,,,,,,,,,,,,,2016年6月30日,2018年12月30日
3968,中低价位、中小套型普通商品住房用地,泰州市,靖江市,靖江市城乡建设有限公司2,靖城镇六圩村,,划拨,,0,,2015,2015年9月,2015年9月11日,23745,2,47490,靖江市城乡建设有限公司2,,,,,,,,,,,,,,2016年6月30日,2018年12月30日
3970,其他普通商品住房用地,泰州市,海陵区,海陵区凤凰东路北侧约200米、春晖路东侧,海陵区凤凰东路北侧约200米、春晖路东侧,70,挂牌出让,,59300,,2015,2015年9月,2015年9月10日,113367,3,340101,泰州高教投资发展有限公司,,,,,,,,,,,,,,2016年9月10日,2019年9月10日
3971,其他普通商品住房用地,泰州市,海陵区,海陵区凤凰东路北侧、春晖路东侧,海陵区凤凰东路北侧、春晖路东侧,70,挂牌出让,,30700,,2015,2015年9月,2015年9月10日,58789,3,176367,泰州高教投资发展有限公司,,,,,,,,,,,,,,2016年9月10日,2019年9月10日
3973,中低价位、中小套型普通商品住房用地,泰州市,泰兴市,江苏和福房地产开发有限公司,羌溪路西侧、如泰运河北侧1号地块,70,挂牌出让,,17363,,2015,2015年9月,2015年9月9日,36104,2.3,83039.2,江苏和福房地产开发有限公司,,,,,,,,,,,,,,2016年9月9日,2018年3月9日
3974,中低价位、中小套型普通商品住房用地,泰州市,泰兴市,朱红平,三高南侧地块,70,挂牌出让,,7376,,2015,2015年9月,2015年9月9日,11149,2.5,27872.5,朱红平,,,,,,,,,,,,,,2016年9月9日,2019年3月9日
3975,中低价位、中小套型普通商品住房用地,泰州市,泰兴市,泰州玉鸿投资发展有限公司,城区文江路西侧、如泰运河北侧1号,70,挂牌出让,,19465,,2015,2015年9月,2015年9月9日,46467,2.3,106874.1,泰州玉鸿投资发展有限公司,,,,,,,,,,,,,,2016年9月9日,2018年3月9日
4002,其他普通商品住房用地,泰州市,靖江市,居住（靖江市鑫地置业有限公司）,真武河北侧,70,挂牌出让,,2560,,2015,2015年8月,2015年8月31日,10319,1.2,12382.8,靖江市鑫地置业有限公司,,,,,,,,,,,,,,2016年2月1日,2018年2月1日
4003,其他普通商品住房用地,泰州市,靖江市,住宅（曹建新等七人）,桃园路东侧，虹兴路北侧,70,挂牌出让,,1500,,2015,2015年8月,2015年8月31日,4480,1.2,5376,曹建新、黄蕴、陈德霞、郭继华、季红、张天祥、朱平霞,,,,,,,,,,,,,,2016年2月1日,2018年2月1日
4004,其他普通商品住房用地,泰州市,靖江市,商住（范均）,人民北路东侧,70,挂牌出让,,105,,2015,2015年8月,2015年8月30日,155.8,5.97,930.126,范均,,,,,,,,,,,,,,2016年2月1日,2017年2月1日
4015,其他普通商品住房用地,泰州市,海陵区,海陵区春晖路东侧、规划25米支路南侧,海陵区春晖路东侧、规划25米支路南侧,70,挂牌出让,,4700,,2015,2015年8月,2015年8月27日,34799,1.7,59158.3,泰州明达基础建设有限公司,,,,,,,,,,,,,,2016年8月27日,2018年8月27日
4046,其他普通商品住房用地,泰州市,靖江市,商住（靖江富翔房地产开发有限公司）,马桥镇徐周大道两侧,70,挂牌出让,,1400,,2015,2015年8月,2015年8月13日,15595,1.8,28071,靖江富翔房地产开发有限公司,,,,,,,,,,,,,,2016年2月1日,2018年2月1日
4059,其他普通商品住房用地,泰州市,海陵区,双墩安置区,泰州市海陵区京泰路街道双墩村,70,协议出让,,105.7646,,2015,2015年7月,2015年7月22日,3479.1,4.8,16699.68,泰州天成房地产开发公司,,,,,,,,,,,,,,2015年8月22日,2015年9月22日
4061,其他普通商品住房用地,泰州市,姜堰市,泰州新思路置业投资开发有限公司商住楼,姜堰区姜官路东侧、沿河路南侧,70,挂牌出让,,10320,,2015,2015年7月,2015年7月16日,63570,2,127140,泰州新思路置业投资开发有限公司,,,,,,,,,,,,,,2015年10月16日,2018年10月15日
4062,其他普通商品住房用地,泰州市,泰州市本级,医药高新区海陵南路东侧、姜高路南侧,医药高新区海陵南路东侧、姜高路南侧,70,挂牌出让,,26000,,2015,2015年7月,2015年7月16日,96376,2,192752,泰州华盛投资开发有限公司,,,,,,,,,,,,,,2016年7月16日,2019年7月16日
4082,经济适用住房用地,泰州市,兴化市,垛田杨花保障房,兴化市野行大桥东道,,划拨,,0,,2015,2015年6月,2015年6月28日,42482,1.35,57350.7,兴化市住房和城乡建设局,,,,,,,,,,,,,,2015年9月18日,2017年9月18日
4083,其他普通商品住房用地,泰州市,兴化市,泰州市矗娃房产有限公司,兴化市林湖乡魏庄西村、府前路南侧、幼儿园大道西侧,70,挂牌出让,,590,,2015,2015年6月,2015年6月26日,7186.9,2.05,14733.145,泰州市矗娃房产有限公司,,,,,,,,,,,,,,2015年12月5日,2017年12月5日
4086,其他普通商品住房用地,泰州市,姜堰市,泰州祥生置业有限公司商住楼,姜堰区人民中路西侧、姜堰变电所东侧,70,挂牌出让,,1000,,2015,2015年6月,2015年6月16日,4973,3.5,17405.5,泰州祥生置业有限公司,,,,,,,,,,,,,,2015年8月18日,2018年8月17日
4090,其他普通商品住房用地,泰州市,兴化市,洪斌,兴化市安丰镇北环路南侧,70,挂牌出让,,3615,,2015,2015年6月,2015年6月2日,22450.67,2.2,49391.474,洪斌,,,,,,,,,,,,,,2015年11月12日,2017年11月12日
4092,其他普通商品住房用地,泰州市,兴化市,王秋平,兴化市大垛镇文化北路东侧,70,挂牌出让,,390,,2015,2015年6月,2015年6月2日,1576.6,1.52,2396.432,王秋平,,,,,,,,,,,,,,2015年11月12日,2016年11月12日
4097,中低价位、中小套型普通商品住房用地,泰州市,泰兴市,泰兴市隆兴房地产开发有限公司,黄桥镇东华村路北侧、西河路东侧地块,70,挂牌出让,,2000,,2015,2015年5月,2015年5月28日,10786.27,2,21572.54,泰兴市隆兴房地产开发有限公司,,,,,,,,,,,,,,2016年9月28日,2019年3月28日
4098,中低价位、中小套型普通商品住房用地,泰州市,泰兴市,泰兴市隆兴房地产开发有限公司,黄桥镇银杏路北侧、定慧路东侧地块,70,挂牌出让,,6688,,2015,2015年5月,2015年5月28日,33333,2.2,73332.6,泰兴市隆兴房地产开发有限公司,,,,,,,,,,,,,,2016年9月28日,2019年3月28日
4099,中低价位、中小套型普通商品住房用地,泰州市,泰兴市,泰兴市裕元置业有限公司,黄桥镇清华园路西侧、东进西路北侧地块,70,挂牌出让,,1770,,2015,2015年5月,2015年5月28日,12767,1.1,14043.7,泰兴市裕元置业有限公司,,,,,,,,,,,,,,2016年9月28日,2019年3月28日
4100,中低价位、中小套型普通商品住房用地,泰州市,泰兴市,泰兴市海乔置业有限公司,古溪镇横垛社区人民路南侧、跃进河北侧,70,挂牌出让,,845,,2015,2015年5月,2015年5月28日,8593,1.3,11170.9,泰兴市海乔置业有限公司,,,,,,,,,,,,,,2016年11月28日,2019年5月28日
4103,经济适用住房用地,泰州市,泰兴市,泰兴市经济适用房开发公司,澄江路南侧、济川南路西侧,,划拨,,0,,2015,2015年5月,2015年5月27日,40643,2,81286,泰兴市经济适用房开发公司,,,,,,,,,,,,,,2016年5月8日,2018年5月8日
4117,中低价位、中小套型普通商品住房用地,泰州市,泰兴市,李勇,广陵镇广陵南路南侧,70,挂牌出让,,64,,2015,2015年5月,2015年5月21日,1103,1.1,1213.3,李勇,,,,,,,,,,,,,,2016年11月21日,2018年5月21日
4130,其他普通商品住房用地,泰州市,兴化市,韩加旺,兴化市陶庄镇中心路东侧、滨河路南侧,70,挂牌出让,,673,,2015,2015年5月,2015年5月13日,5400.7,1.8,9721.26,韩加旺,,,,,,,,,,,,,,2015年10月21日,2016年10月21日
4142,其他普通商品住房用地,泰州市,兴化市,许国强,兴化市陈堡镇交通北路西侧,70,挂牌出让,,392,,2015,2015年4月,2015年4月29日,2921.4,2.26,6602.364,许国强,,,,,,,,,,,,,,2015年10月8日,2016年10月8日
4146,其他普通商品住房用地,泰州市,高港区,高港区金港路西侧、刁铺农贸市场南侧,高港区金港路西侧、刁铺农贸市场南侧,70,挂牌出让,,12906,,2015,2015年4月,2015年4月23日,61597,2,123194,江苏跃隆房地产开发有限公司,,,,,,,,,,,,,,2016年4月23日,2019年4月23日
4159,其他普通商品住房用地,泰州市,兴化市,兴化市东南城市建设投资有限公司,兴化市戴南镇北姜村戴南大道南侧、经十一路东侧,70,挂牌出让,,781,,2015,2015年3月,2015年3月23日,5263.9,1.99,10475.161,兴化市东南城市建设投资有限公司,,,,,,,,,,,,,,2015年9月13日,2017年9月13日
4164,其他普通商品住房用地,泰州市,高港区,高港区刁东路西侧、解放路北侧,高港区刁东路西侧、解放路北侧,70,挂牌出让,,7100,,2015,2015年3月,2015年3月19日,67375,1.07,72091.25,明发集团泰州房地产开发有限公司,,,,,,,,,,,,,,2016年3月19日,2018年3月19日
4168,中低价位、中小套型普通商品住房用地,泰州市,靖江市,靖江市城乡建设有限公司,靖城镇六圩村,,划拨,,0,,2015,2015年3月,2015年3月12日,16168,2,32336,靖江市城乡建设有限公司,,,,,,,,,,,,,,2016年4月12日,2018年4月30日
4184,中低价位、中小套型普通商品住房用地,泰州市,靖江市,（文东安置区）靖江市新桥城乡建设有限公司,新桥镇礼士村,,划拨,,0,,2015,2015年3月,2015年3月11日,4444,2,8888,靖江市新桥城乡建设有限公司,,,,,,,,,,,,,,2016年4月11日,2018年4月30日
4187,中低价位、中小套型普通商品住房用地,泰州市,靖江市,（集中区）靖江市华森建设发展有限公司,生祠镇三河村,,划拨,,0,,2015,2015年3月,2015年3月11日,13286,2,26572,靖江市华森建设发展有限公司,,,,,,,,,,,,,,2016年4月11日,2018年4月30日
4196,中低价位、中小套型普通商品住房用地,泰州市,靖江市,（集中区）靖江市新桥城乡建设有限公司,新桥镇新桥村,,划拨,,0,,2015,2015年3月,2015年3月11日,2329,2,4658,靖江市新桥城乡建设有限公司,,,,,,,,,,,,,,2016年4月11日,2018年4月30日
4197,中低价位、中小套型普通商品住房用地,泰州市,靖江市,靖江市土地储备交易中心,靖城镇东郊村、虹桥村,,划拨,,0,,2015,2015年3月,2015年3月11日,3907,2,7814,靖江市土地储备交易中心,,,,,,,,,,,,,,2016年4月11日,2018年4月30日
4200,中低价位、中小套型普通商品住房用地,泰州市,靖江市,（滨江学校南侧）靖江市土地储备交易中心,靖城镇宜稼村,,划拨,,0,,2015,2015年3月,2015年3月11日,16851,2,33702,靖江市土地储备交易中心,,,,,,,,,,,,,,2016年4月11日,2018年4月30日
4201,中低价位、中小套型普通商品住房用地,泰州市,靖江市,（安置区）靖江市北辰城乡投资建设有限公司,靖城镇城北村,,划拨,,0,,2015,2015年3月,2015年3月11日,21207,2,42414,靖江市北辰城乡投资建设有限公司,,,,,,,,,,,,,,2016年4月11日,2018年4月30日
4203,中低价位、中小套型普通商品住房用地,泰州市,靖江市,靖江市滨江新城投资开发有限公司,靖城镇越江村,,划拨,,0,,2015,2015年3月,2015年3月11日,16182,2,32364,靖江市滨江新城投资开发有限公司,,,,,,,,,,,,,,2016年4月11日,2018年4月30日
4205,其他普通商品住房用地,泰州市,泰州市本级,医药高新区高港路南侧、吴陵南路西侧,医药高新区高港路南侧、吴陵南路西侧,70,挂牌出让,,41700,,2015,2015年3月,2015年3月5日,119531,3,358593,泰州鑫泰集团有限公司,,,,,,,,,,,,,,2016年2月15日,2019年2月15日
4206,其他普通商品住房用地,泰州市,海陵区,海陵区泰安路西侧、规划兴工路北侧,海陵区泰安路西侧、规划兴工路北侧,70,挂牌出让,,22000,,2015,2015年3月,2015年3月5日,62258,3.04,189264.32,泰州市鑫鸿文化产业发展有限公司,,,,,,,,,,,,,,2016年2月15日,2019年2月15日
4207,其他普通商品住房用地,泰州市,泰州市本级,医药高新区海陵南路东侧约80米、三新路南侧,医药高新区海陵南路东侧约80米、三新路南侧,70,挂牌出让,,48000,,2015,2015年3月,2015年3月5日,109586,3,328758,泰州华信药业投资有限公司,,,,,,,,,,,,,,2016年2月15日,2019年2月15日
4208,其他普通商品住房用地,泰州市,海陵区,海陵区兴业路南侧、七里河东侧,海陵区兴业路南侧、七里河东侧,70,挂牌出让,,22900,,2015,2015年3月,2015年3月5日,65518,3,196554,泰州市鑫鸿文化产业发展有限公司,,,,,,,,,,,,,,2016年2月15日,2019年2月15日
4210,其他普通商品住房用地,泰州市,海陵区,海陵区王庄河北侧、春晖路西侧约170米,海陵区王庄河北侧、春晖路西侧约170米,70,挂牌出让,,28600,,2015,2015年3月,2015年3月5日,66890,3,200670,泰州高教投资发展有限公司,,,,,,,,,,,,,,2016年2月15日,2019年2月15日
4211,其他普通商品住房用地,泰州市,海陵区,海陵区宫涵河东侧、育才路南侧,海陵区宫涵河东侧、育才路南侧,70,挂牌出让,,27300,,2015,2015年3月,2015年3月5日,39411,3,118233,泰州高教投资发展有限公司,,,,,,,,,,,,,,2016年2月15日,2019年2月15日
4213,其他普通商品住房用地,泰州市,海陵区,海陵区育才路南侧、春晖路西侧,海陵区育才路南侧、春晖路西侧,70,挂牌出让,,29700,,2015,2015年3月,2015年3月5日,43006,3,129018,泰州高教投资发展有限公司,,,,,,,,,,,,,,2016年2月15日,2019年2月15日
4214,其他普通商品住房用地,泰州市,泰州市本级,医药高新区一号路南侧、祥泰路西侧约300米,医药高新区一号路南侧、祥泰路西侧约300米,70,挂牌出让,,9700,,2015,2015年3月,2015年3月5日,27979,3.02,84496.58,泰州鑫泰集团有限公司,,,,,,,,,,,,,,2016年2月15日,2019年2月15日
4215,其他普通商品住房用地,泰州市,海陵区,海陵区扬州路北侧、道路西侧,海陵区扬州路北侧、道路西侧,70,挂牌出让,,6500,,2015,2015年3月,2015年3月5日,17421,3,52263,泰州市海润国有资产经营有限公司,,,,,,,,,,,,,,2016年2月15日,2019年2月15日
4216,其他普通商品住房用地,泰州市,海陵区,海陵区江州北路西侧、西域绿洲小区南侧,海陵区江州北路西侧、西域绿洲小区南侧,70,挂牌出让,,4450,,2015,2015年3月,2015年3月5日,11286,3,33858,泰州市海润国有资产经营有限公司,,,,,,,,,,,,,,2016年2月15日,2019年2月15日
4218,经济适用住房用地,泰州市,海陵区,双墩安置区,海陵区京泰路街道双墩村村集体境内,,划拨,,0,,2015,2015年2月,2015年2月27日,1934,1.2,2320.8,泰州市鑫园置业有限公司,,,,,,,,,,,,,,2005年12月25日,2008年8月25日
4220,其他普通商品住房用地,泰州市,姜堰市,江苏江山置业有限公司商住楼,姜堰区海姜大道南侧、168宾馆东侧,70,挂牌出让,,454,,2015,2015年2月,2015年2月26日,2854,3,8562,江苏江山置业有限公司,,,,,,,,,,,,,,2015年6月10日,2017年12月10日
4224,其他普通商品住房用地,泰州市,兴化市,兴化市城市建设投资有限公司,兴化市文林路西侧、楚水西路北侧2号地块,70,挂牌出让,,17404,,2015,2015年2月,2015年2月21日,68663.9,2.5,171659.75,兴化市城市建设投资有限公司,,,,,,,,,,,,,,2015年7月30日,2018年3月30日
4232,其他普通商品住房用地,泰州市,泰州市本级,泰州经济开发区鲍九路西侧、海蜇沟南侧,泰州经济开发区鲍九路西侧、海蜇沟南侧,70,挂牌出让,,5500,,2015,2015年2月,2015年2月12日,23947,2,47894,泰州市宇峰置业有限公司,,,,,,,,,,,,,,2016年2月12日,2018年2月12日
4235,其他普通商品住房用地,泰州市,高港区,高港区永安洲镇中心路东侧、马永路南侧,高港区永安洲镇中心路东侧、马永路南侧,70,挂牌出让,,15500,,2015,2015年2月,2015年2月12日,120371,1.57,188982.47,江苏广鑫投资发展有限公司,,,,,,,,,,,,,,2016年2月12日,2019年2月12日
4245,其他普通商品住房用地,泰州市,兴化市,江苏万里置业有限公司,兴化市丰收路西侧、建设路北侧,70,挂牌出让,,26020,,2015,2015年2月,2015年2月6日,59583.9,2.38,141809.682,江苏万里置业有限公司,,,,,,,,,,,,,,2015年7月30日,2018年3月30日
4248,其他普通商品住房用地,泰州市,靖江市,商业、居住（薄楚、吴敏）,新建北路西侧,70,挂牌出让,,600,,2015,2015年2月,2015年2月5日,1120,1.2,1344,薄楚、吴敏,,,,,,,,,,,,,,2015年7月1日,2017年7月1日
4251,其他普通商品住房用地,泰州市,靖江市,商住（阳光置业）,江洲路北侧，城东大道东侧,70,挂牌出让,,15500,,2015,2015年2月,2015年2月5日,51521,1.8,92737.8,靖江阳光置业有限公司,,,,,,,,,,,,,,2015年7月1日,2018年7月1日
4253,其他普通商品住房用地,泰州市,靖江市,商业、商务、居住（鑫地置业）,西环南路东侧，天渔路南侧,70,挂牌出让,,2856,,2015,2015年2月,2015年2月5日,7910,1.5,11865,靖江市鑫地置业有限公司,,,,,,,,,,,,,,2015年7月1日,2017年7月1日
4254,其他普通商品住房用地,泰州市,靖江市,商住（阳光置业）,江洲路北侧，城东大道东侧,70,挂牌出让,,14600,,2015,2015年2月,2015年2月5日,48828,1.8,87890.4,靖江阳光置业有限公司,,,,,,,,,,,,,,2015年7月1日,2018年7月1日
4265,其他普通商品住房用地,泰州市,泰兴市,泰兴市木村置业有限公司,姚王镇桑木中沟东侧,70,挂牌出让,,288,,2015,2015年1月,2015年1月29日,2518,1.2,3021.6,泰兴市木村置业有限公司,,,,,,,,,,,,,,2016年5月29日,2018年11月29日
4273,中低价位、中小套型普通商品住房用地,泰州市,泰兴市,泰兴市虹桥园工业开发有限公司,虹桥镇同德路北侧,40,挂牌出让,,2175,,2015,2015年1月,2015年1月29日,53689,2,107378,泰兴市虹桥园工业开发有限公司,,,,,,,,,,,,,,2016年1月29日,2018年7月29日
4274,中低价位、中小套型普通商品住房用地,泰州市,泰兴市,泰兴市虹桥新农村建设有限公司,虹桥镇沿江大道西侧,40,挂牌出让,,440,,2015,2015年1月,2015年1月29日,10730,1.55,16631.5,泰兴市虹桥新农村建设有限公司,,,,,,,,,,,,,,2016年1月29日,2018年7月29日
4276,其他普通商品住房用地,泰州市,姜堰市,江苏励华文化发展有限公司商住楼,姜堰区鸡鸣东路北侧、人民北路东侧,70,挂牌出让,,6506,,2015,2015年1月,2015年1月27日,50431,1.7,85732.7,江苏励华文化发展有限公司,,,,,,,,,,,,,,2015年9月30日,2018年9月29日
4277,其他普通商品住房用地,泰州市,姜堰市,江苏励华文化发展有限公司商住楼,姜堰区鸡鸣东路北侧、人民北路西侧,70,挂牌出让,,1278,,2015,2015年1月,2015年1月27日,10257,1.5,15385.5,江苏励华文化发展有限公司,,,,,,,,,,,,,,2015年9月30日,2018年9月29日
4282,经济适用住房用地,泰州市,兴化市,车路河安置房项目,兴化市戴窑镇三桥路南,,划拨,,0,,2015,2015年1月,2015年1月17日,4285.4,1.66,7113.764,兴化市戴窑镇人民政府,,,,,,,,,,,,,,2015年7月7日,2016年7月7日
4285,其他普通商品住房用地,泰州市,姜堰市,泰州市金晟置业有限公司商住楼,姜堰区前进路东侧、花园路北侧,70,挂牌出让,,8606,,2015,2015年1月,2015年1月16日,48618,1.8,87512.4,泰州市金晟置业有限公司,,,,,,,,,,,,,,2015年4月16日,2018年4月15日
4286,其他普通商品住房用地,泰州市,海陵区,海陵区南官河西侧、老通扬运河南侧约90米,海陵区南官河西侧、老通扬运河南侧约90米,70,挂牌出让,,3500,,2015,2015年1月,2015年1月15日,7435,3,22305,泰州凤城河建设发展有限公司,,,,,,,,,,,,,,2015年12月25日,2018年12月25日
4288,其他普通商品住房用地,泰州市,海陵区,海陵区凤凰河西侧、老通扬运河北侧,海陵区凤凰河西侧、老通扬运河北侧,70,挂牌出让,,14700,,2015,2015年1月,2015年1月15日,19357,3,58071,泰州凤城河建设发展有限公司,,,,,,,,,,,,,,2015年12月25日,2018年12月25日
4289,其他普通商品住房用地,泰州市,海陵区,海陵区兴陵路南侧、泰祥路东侧,海陵区兴陵路南侧、泰祥路东侧,70,挂牌出让,,13800,,2015,2015年1月,2015年1月15日,38245,3,114735,泰州市鑫鸿文化产业发展有限公司,,,,,,,,,,,,,,2015年12月25日,2018年12月25日
4290,其他普通商品住房用地,泰州市,海陵区,海陵区海姜大道北侧约100米、道路西侧,海陵区海姜大道北侧约100米、道路西侧,70,挂牌出让,,8900,,2015,2015年1月,2015年1月15日,24607,3,73821,泰州市鑫鸿文化产业发展有限公司,,,,,,,,,,,,,,2015年12月25日,2018年12月25日
4291,其他普通商品住房用地,泰州市,海陵区,海陵区南官河西侧、老通扬运河南侧,海陵区南官河西侧、老通扬运河南侧,70,挂牌出让,,11800,,2015,2015年1月,2015年1月15日,25506,3,76518,泰州凤城河建设发展有限公司,,,,,,,,,,,,,,2015年12月25日,2018年12月25日
4293,其他普通商品住房用地,泰州市,海陵区,海陵区老通扬运河北侧、鼓楼南路西侧,海陵区老通扬运河北侧、鼓楼南路西侧,70,挂牌出让,,20300,,2015,2015年1月,2015年1月15日,27267,3.01,82073.67,泰州凤城河建设发展有限公司,,,,,,,,,,,,,,2015年12月25日,2018年12月25日
4294,其他普通商品住房用地,泰州市,海陵区,海陵区府前路南侧、府南街东侧,海陵区府前路南侧、府南街东侧,70,挂牌出让,,12900,,2015,2015年1月,2015年1月15日,16610,3,49830,泰州市海陵资产经营有限公司,,,,,,,,,,,,,,2015年12月25日,2018年12月25日
4295,其他普通商品住房用地,泰州市,海陵区,海陵区东风北路西侧、天利服绣有限公司南侧,海陵区东风北路西侧、天利服绣有限公司南侧,70,挂牌出让,,14400,,2015,2015年1月,2015年1月15日,37928,3,113784,泰州市海陵资产经营有限公司,,,,,,,,,,,,,,2015年12月25日,2018年12月25日
4296,其他普通商品住房用地,泰州市,海陵区,海陵区鼓楼路东侧、南城河南侧,海陵区鼓楼路东侧、南城河南侧,70,挂牌出让,,40400,,2015,2015年1月,2015年1月15日,54432,3,163296,泰州凤城河建设发展有限公司,,,,,,,,,,,,,,2015年12月25日,2018年12月25日
4297,其他普通商品住房用地,泰州市,海陵区,海陵区鼓楼南路东侧、老通扬运河北侧,海陵区鼓楼南路东侧、老通扬运河北侧,70,挂牌出让,,10700,,2015,2015年1月,2015年1月15日,13980,3,41940,泰州凤城河建设发展有限公司,,,,,,,,,,,,,,2015年12月25日,2018年12月25日
4298,其他普通商品住房用地,泰州市,海陵区,海陵区南官河西侧、老通扬运河北侧约110米,海陵区南官河西侧、老通扬运河北侧约110米,70,挂牌出让,,7900,,2015,2015年1月,2015年1月15日,17163,3,51489,泰州凤城河建设发展有限公司,,,,,,,,,,,,,,2015年12月25日,2018年12月25日
4299,其他普通商品住房用地,泰州市,海陵区,海陵区柳园宾馆西侧、南城河南侧,海陵区柳园宾馆西侧、南城河南侧,70,挂牌出让,,31700,,2015,2015年1月,2015年1月15日,42947,3,128841,泰州凤城河建设发展有限公司,,,,,,,,,,,,,,2015年12月25日,2018年12月25日
4300,其他普通商品住房用地,泰州市,泰州市本级,医药高新区泰州大道东侧、曙光河北侧,医药高新区泰州大道东侧、曙光河北侧,70,挂牌出让,,4800,,2015,2015年1月,2015年1月15日,10880,3,32640,泰州华信药业投资有限公司,,,,,,,,,,,,,,2015年12月25日,2018年12月25日
4301,其他普通商品住房用地,泰州市,海陵区,海陵区府前路北侧、世纪新城东侧,海陵区府前路北侧、世纪新城东侧,70,挂牌出让,,20000,,2015,2015年1月,2015年1月15日,26178,3,78534,泰州市海陵资产经营有限公司,,,,,,,,,,,,,,2015年12月25日,2018年12月25日
4302,其他普通商品住房用地,泰州市,海陵区,海陵区泰和路西侧、凤凰东路北侧约120米,海陵区泰和路西侧、凤凰东路北侧约120米,70,挂牌出让,,4250,,2015,2015年1月,2015年1月15日,11667,3,35001,泰州市鑫鸿文化产业发展有限公司,,,,,,,,,,,,,,2015年12月25日,2018年12月25日
4308,中低价位、中小套型普通商品住房用地,泰州市,泰兴市,泰兴市新型建筑房地产开发公司,原种子库东北侧地块,70,挂牌出让,,5238,,2015,2015年1月,2015年1月9日,16554,1.8,29797.2,泰兴市新型建筑房地产开发公司,,,,,,,,,,,,,,2016年7月9日,2019年1月9日
4309,中低价位、中小套型普通商品住房用地,泰州市,泰兴市,浙江祥生房地产开发有限公司,澄江路北侧、羌溪路西侧4号地块,70,挂牌出让,,21528,,2015,2015年1月,2015年1月9日,64070,2.2,140954,浙江祥生房地产开发有限公司,,,,,,,,,,,,,,2016年1月9日,2018年7月9日
4310,中低价位、中小套型普通商品住房用地,泰州市,泰兴市,浙江祥生房地产开发有限公司,澄江路北侧、羌溪路西侧6号地块,70,挂牌出让,,32738,,2015,2015年1月,2015年1月9日,69173,2.8,193684.4,浙江祥生房地产开发有限公司,,,,,,,,,,,,,,2016年1月9日,2018年7月9日
4311,中低价位、中小套型普通商品住房用地,泰州市,泰兴市,江苏和福房地产开发有限公司,文昌路南侧、太平路东侧地块,70,挂牌出让,,17288,,2015,2015年1月,2015年1月9日,42847,2.3,98548.1,江苏和福房地产开发有限公司,,,,,,,,,,,,,,2016年1月9日,2018年7月9日
4312,中低价位、中小套型普通商品住房用地,泰州市,泰兴市,浙江祥生房地产开发有限公司,澄江路北侧、羌溪路西侧3号地块,70,挂牌出让,,21428,,2015,2015年1月,2015年1月9日,56886,2.2,125149.2,浙江祥生房地产开发有限公司,,,,,,,,,,,,,,2016年1月9日,2018年7月9日
4313,中低价位、中小套型普通商品住房用地,泰州市,泰兴市,浙江祥生房地产开发有限公司,澄江路北侧、羌溪路西侧7号地块,70,挂牌出让,,7850,,2015,2015年1月,2015年1月9日,26853,1.8,48335.4,浙江祥生房地产开发有限公司,,,,,,,,,,,,,,2016年1月9日,2018年7月9日
